"","marker","sample_id","chr","pos","gene_exp","haplo_diplotype","qtl2_calls","is_crossover","original_row","crossover_group"
"1","UNC174093","8RT","1",4.997,"AA","AA","AA",FALSE,466,"A"
"2","JAX00242967","8RT","1",5.008,"AA","AA","AA",FALSE,467,"A"
"3","JAX00000989","8RT","1",5.011,"GG","AA","AA",FALSE,468,"A"
"4","UNCHS000157","8RT","1",5.021,"CC","AA","AA",FALSE,469,"A"
"5","JAX00242977","8RT","1",5.022,"AA","AA","AA",FALSE,470,"A"
"6","UNCHS000158","8RT","1",5.022,"AA","AA","AA",FALSE,471,"A"
"7","UNCJPD008443","8RT","1",5.027,"TT","AA","AA",FALSE,472,"A"
"8","UNCHS000159","8RT","1",5.035,"CC","AA","AA",FALSE,473,"A"
"9","UNCHS000160","8RT","1",5.036,"GG","AA","AA",FALSE,474,"A"
"10","UNCHS000161","8RT","1",5.042,"TT","AA","AA",FALSE,475,"A"
"11","UNCHS000162","8RT","1",5.046,"GG","AA","AA",FALSE,476,"A"
"12","JAX00242989","8RT","1",5.069,"GG","AA","AA",FALSE,477,"A"
"13","UNCHS000163","8RT","1",5.075,"TT","AA","AA",FALSE,478,"A"
"14","UNCHS000164","8RT","1",5.076,"AA","AA","AA",FALSE,479,"A"
"15","UNC176258","8RT","1",5.085,"CC","AA","AA",FALSE,480,"A"
"16","UNCHS000165","8RT","1",5.097,"TT","AA","AA",FALSE,481,"A"
"17","UNCHS000166","8RT","1",5.099,"AA","AA","AA",FALSE,482,"A"
"18","JAX00001005","8RT","1",5.099,"AA","AA","AA",FALSE,483,"A"
"19","UNCHS000167","8RT","1",5.108,"AA","AA","AA",FALSE,484,"A"
"20","UNCHS000168","8RT","1",5.109,"TT","AA","AA",FALSE,485,"A"
"21","sanger60","8RT","1",5.109,"AA","AB","AA",TRUE,486,"A"
"22","sanger60q","8RT","1",5.109,"AA","AB","AA",FALSE,487,"A"
"23","UNC177767","8RT","1",5.111,"TT","AA","AA",FALSE,488,"A"
"24","UNC179038","8RT","1",5.132,"AA","AA","AA",FALSE,489,"A"
"25","UNC180162","8RT","1",5.148,"TT","AA","AA",FALSE,490,"A"
"26","UNCJPD000042","8RT","1",5.162,"CC","AA","AA",FALSE,491,"A"
"27","JAX00243042","8RT","1",5.165,"CC","AA","AA",FALSE,492,"A"
"28","JAX00243052","8RT","1",5.172,"CC","AA","AA",FALSE,493,"A"
"29","UNC182173","8RT","1",5.177,"CC","AA","AA",FALSE,494,"A"
"30","UNCHS000169","8RT","1",5.186,"CC","AA","AA",FALSE,495,"A"
"31","JAX00001044","8RT","1",5.19,"AA","AA","AA",FALSE,496,"A"
"32","UNCHS000171","8RT","1",5.197,"GG","AA","AA",FALSE,497,"A"
"33","UNCHS000172","8RT","1",5.198,"AA","AA","AA",FALSE,498,"A"
"34","UNCJPD000043","8RT","1",5.204,"--","AA","AA",FALSE,499,"A"
"35","UNC184484","8RT","1",5.205,"GG","AA","AA",FALSE,500,"A"
"36","JAX00243091","8RT","1",5.215,"CC","AA","AA",FALSE,501,"A"
"37","JAX00243092","8RT","1",5.215,"TT","AA","AA",FALSE,502,"A"
"38","UNC186479","8RT","1",5.24,"GG","AA","AA",FALSE,503,"A"
"39","UNCJPD000044","8RT","1",5.246,"CC","AA","AA",FALSE,504,"A"
"40","UNC187637","8RT","1",5.259,"AA","AA","AA",FALSE,505,"A"
"41","UNCHS000173","8RT","1",5.26,"CC","AA","AA",FALSE,506,"A"
"42","JAX00243875","8RT","1",6.502,"CC","AA","AA",FALSE,610,"B"
"43","UNC243187","8RT","1",6.515,"AA","AA","AA",FALSE,611,"B"
"44","JAX00243884","8RT","1",6.534,"AA","AA","AA",FALSE,612,"B"
"45","UNC243821","8RT","1",6.536,"CC","AA","AA",FALSE,613,"B"
"46","UNC244201","8RT","1",6.552,"AA","AA","AA",FALSE,614,"B"
"47","UNCHS000213","8RT","1",6.552,"AA","AA","AA",FALSE,615,"B"
"48","UNCHS000214","8RT","1",6.554,"GG","AA","AA",FALSE,616,"B"
"49","UNC244917","8RT","1",6.573,"CC","AA","AA",FALSE,617,"B"
"50","JAX00243904","8RT","1",6.59,"AA","AA","AA",FALSE,618,"B"
"51","UNC245487","8RT","1",6.594,"TT","AA","AA",FALSE,619,"B"
"52","UNCJPD000055","8RT","1",6.605,"GG","AA","AA",FALSE,620,"B"
"53","UNC245840","8RT","1",6.614,"--","AA","AA",FALSE,621,"B"
"54","UNC246230","8RT","1",6.635,"AA","AA","AA",FALSE,622,"B"
"55","UNC246837","8RT","1",6.652,"GG","AA","AA",FALSE,623,"B"
"56","UNCHS000215","8RT","1",6.674,"AA","AA","AA",FALSE,624,"B"
"57","UNCHS000216","8RT","1",6.679,"TT","AA","AA",FALSE,625,"B"
"58","UNC247939","8RT","1",6.688,"GG","AA","AA",FALSE,626,"B"
"59","UNCJPD008106","8RT","1",6.69,"--","AA","AA",FALSE,627,"B"
"60","UNCJPD000056","8RT","1",6.71,"--","AA","AA",FALSE,628,"B"
"61","UNC248435","8RT","1",6.716,"GG","AA","AA",FALSE,629,"B"
"62","sanger216q","8RT","1",6.726,"TT","AB","AA",TRUE,630,"B"
"63","UNCHS000217","8RT","1",6.742,"CC","AA","AA",FALSE,631,"B"
"64","UNC249229","8RT","1",6.743,"GG","AA","AA",FALSE,632,"B"
"65","UNCHS000218","8RT","1",6.744,"AA","AA","AA",FALSE,633,"B"
"66","UNC250092","8RT","1",6.921,"CC","AA","AA",FALSE,634,"B"
"67","UNC250644","8RT","1",7.091,"TT","AA","AA",FALSE,635,"B"
"68","UNC251384","8RT","1",7.409,"TT","AA","AA",FALSE,636,"B"
"69","UNCHS000219","8RT","1",7.543,"CC","AA","AA",FALSE,637,"B"
"70","UNCHS000220","8RT","1",7.559,"TT","AA","AA",FALSE,638,"B"
"71","UNCJPD009423","8RT","1",7.58,"AA","AA","AA",FALSE,639,"B"
"72","UNC252166","8RT","1",7.637,"TT","AA","AA",FALSE,640,"B"
"73","JAX00244011","8RT","1",7.646,"TT","AA","AA",FALSE,641,"B"
"74","UNCJPD000057","8RT","1",7.649,"--","AA","AA",FALSE,642,"B"
"75","UNC252437","8RT","1",7.652,"CC","AA","AA",FALSE,643,"B"
"76","UNC253175","8RT","1",7.683,"AA","AA","AA",FALSE,644,"B"
"77","UNC253917","8RT","1",7.718,"CC","AA","AA",FALSE,645,"B"
"78","UNCHS000221","8RT","1",7.718,"CC","AA","AA",FALSE,646,"B"
"79","UNCHS000222","8RT","1",7.722,"AA","AA","AA",FALSE,647,"B"
"80","JAX00244057","8RT","1",7.723,"TT","AA","AA",FALSE,648,"B"
"81","UNC254389","8RT","1",7.743,"CC","AA","AA",FALSE,649,"B"
"82","UNC254822","8RT","1",7.776,"GG","AA","AA",FALSE,650,"B"
"83","UNCHS000449","8RT","1",15.279,"AA","AA","AA",FALSE,1398,"C"
"84","UNCHS000450","8RT","1",15.28,"AA","AA","AA",FALSE,1399,"C"
"85","JAX00247018","8RT","1",15.28,"CC","AA","AA",FALSE,1400,"C"
"86","UNCHS000451","8RT","1",15.287,"TT","AA","AA",FALSE,1401,"C"
"87","UNCHS000452","8RT","1",15.288,"CC","AA","AA",FALSE,1402,"C"
"88","UNC453980","8RT","1",15.297,"TT","AA","AA",FALSE,1403,"C"
"89","UNCHS000453","8RT","1",15.302,"--","AA","AA",FALSE,1404,"C"
"90","UNCHS000454","8RT","1",15.304,"CC","AA","AA",FALSE,1405,"C"
"91","UNC454349","8RT","1",15.308,"TT","AA","AA",FALSE,1406,"C"
"92","UNC455081","8RT","1",15.331,"GG","AA","AA",FALSE,1407,"C"
"93","UNCHS000455","8RT","1",15.334,"TT","AA","AA",FALSE,1408,"C"
"94","UNCHS000456","8RT","1",15.335,"CC","AA","AA",FALSE,1409,"C"
"95","UNC455417","8RT","1",15.337,"GG","AA","AA",FALSE,1410,"C"
"96","JAX00247063","8RT","1",15.34,"CC","AA","AA",FALSE,1411,"C"
"97","UNC455695","8RT","1",15.343,"AA","AA","AA",FALSE,1412,"C"
"98","UNCHS000457","8RT","1",15.343,"TT","AA","AA",FALSE,1413,"C"
"99","UNCHS000458","8RT","1",15.344,"AA","AA","AA",FALSE,1414,"C"
"100","UNCHS000459","8RT","1",15.347,"--","AA","AA",FALSE,1415,"C"
"101","UNCHS000460","8RT","1",15.348,"TT","AA","AA",FALSE,1416,"C"
"102","UNC456277","8RT","1",15.354,"TT","AA","AA",FALSE,1417,"C"
"103","sanger344","8RT","1",15.357,"CC","AB","AA",TRUE,1418,"C"
"104","sanger344q","8RT","1",15.357,"--","AB","AA",FALSE,1419,"C"
"105","JAX00002519","8RT","1",15.361,"TT","AA","AA",FALSE,1420,"C"
"106","UNC457059","8RT","1",15.363,"TT","AA","AA",FALSE,1421,"C"
"107","UNCJPD000101","8RT","1",15.365,"GG","AA","AA",FALSE,1422,"C"
"108","UNC458188","8RT","1",15.374,"TT","AA","AA",FALSE,1423,"C"
"109","JAX00002525","8RT","1",15.379,"GG","AA","AA",FALSE,1424,"C"
"110","UNC458623","8RT","1",15.38,"CC","AA","AA",FALSE,1425,"C"
"111","UNCHS000461","8RT","1",15.383,"GG","AA","AA",FALSE,1426,"C"
"112","JAX00002531","8RT","1",15.389,"TT","AA","AA",FALSE,1427,"C"
"113","UNCHS000463","8RT","1",15.394,"CC","AA","AA",FALSE,1428,"C"
"114","UNCHS000465","8RT","1",15.394,"AA","AA","AA",FALSE,1429,"C"
"115","UNCHS000464","8RT","1",15.394,"AA","AA","AA",FALSE,1430,"C"
"116","UNCHS000466","8RT","1",15.395,"GG","AA","AA",FALSE,1431,"C"
"117","UNCHS000467","8RT","1",15.397,"GG","AA","AA",FALSE,1432,"C"
"118","UNC460218","8RT","1",15.404,"TT","AA","AA",FALSE,1433,"C"
"119","UNC460838","8RT","1",15.414,"GG","AA","AA",FALSE,1434,"C"
"120","JAX00247202","8RT","1",15.418,"AA","AA","AA",FALSE,1435,"C"
"121","JAX00247209","8RT","1",15.421,"CC","AA","AA",FALSE,1436,"C"
"122","JAX00247210","8RT","1",15.421,"TT","AA","AA",FALSE,1437,"C"
"123","UNC461326","8RT","1",15.421,"AA","AA","AA",FALSE,1438,"C"
"124","UNC473155","8RT","1",16.46,"AA","AA","AA",FALSE,1514,"D"
"125","UNCJPD000106","8RT","1",16.468,"AC","AA","AA",FALSE,1515,"D"
"126","UNC473267","8RT","1",16.48,"CC","AA","AA",FALSE,1516,"D"
"127","UNC473434","8RT","1",16.502,"AA","AA","AA",FALSE,1517,"D"
"128","UNCHS000503","8RT","1",16.508,"CC","AA","AA",FALSE,1518,"D"
"129","UNCHS000504","8RT","1",16.512,"AA","AA","AA",FALSE,1519,"D"
"130","UNC473598","8RT","1",16.525,"AA","AA","AA",FALSE,1520,"D"
"131","UNCHS000505","8RT","1",16.53,"AA","AA","AA",FALSE,1521,"D"
"132","UNCHS000506","8RT","1",16.533,"AA","AA","AA",FALSE,1522,"D"
"133","UNC473770","8RT","1",16.548,"CC","AA","AA",FALSE,1523,"D"
"134","UNC474004","8RT","1",16.565,"CC","AA","AA",FALSE,1524,"D"
"135","JAX00191379","8RT","1",16.569,"CC","AA","AA",FALSE,1525,"D"
"136","UNC474350","8RT","1",16.592,"GG","AA","AA",FALSE,1526,"D"
"137","UNC474632","8RT","1",16.615,"GG","AA","AA",FALSE,1527,"D"
"138","UNCHS000507","8RT","1",16.628,"TT","AA","AA",FALSE,1528,"D"
"139","UNCHS000509","8RT","1",16.631,"AA","AA","AA",FALSE,1529,"D"
"140","UNCHS000508","8RT","1",16.631,"TT","AA","AA",FALSE,1530,"D"
"141","UNCHS000510","8RT","1",16.634,"CC","AA","AA",FALSE,1531,"D"
"142","JAX00247505","8RT","1",16.669,"CC","AA","AA",FALSE,1532,"D"
"143","UNC475628","8RT","1",16.684,"--","AA","AA",FALSE,1533,"D"
"144","JAX00247519","8RT","1",16.712,"GG","AA","AB",TRUE,1534,"D"
"145","UNCHS000511","8RT","1",16.716,"GG","AA","AB",FALSE,1535,"D"
"146","UNCHS000512","8RT","1",16.718,"AA","AA","AB",FALSE,1536,"D"
"147","UNC476250","8RT","1",16.727,"GG","AA","AB",FALSE,1537,"D"
"148","UNC476660","8RT","1",16.75,"TT","AA","AB",FALSE,1538,"D"
"149","UNC477018","8RT","1",16.768,"AA","AA","AB",FALSE,1539,"D"
"150","UNC477390","8RT","1",16.793,"TT","AA","AB",FALSE,1540,"D"
"151","UNCJPD000107","8RT","1",16.799,"CC","AA","AB",FALSE,1541,"D"
"152","UNCHS000513","8RT","1",16.82,"TT","AA","AB",FALSE,1542,"D"
"153","UNC477777","8RT","1",16.82,"TC","AB","AB",FALSE,1543,"D"
"154","UNCHS000514","8RT","1",16.827,"CC","AB","AB",FALSE,1544,"D"
"155","JAX00247565","8RT","1",16.835,"AA","AB","AB",FALSE,1545,"D"
"156","UNC478124","8RT","1",16.84,"GG","AB","AB",FALSE,1546,"D"
"157","UNCHS000515","8RT","1",16.861,"CC","AB","AB",FALSE,1547,"D"
"158","UNCHS000516","8RT","1",16.864,"CC","AB","AB",FALSE,1548,"D"
"159","JAX00191390","8RT","1",16.864,"AA","AB","AB",FALSE,1549,"D"
"160","UNC478568","8RT","1",16.866,"TT","AB","AB",FALSE,1550,"D"
"161","UNC478743","8RT","1",16.876,"AG","AB","AB",FALSE,1551,"D"
"162","UNC479354","8RT","1",16.905,"CC","AB","AB",FALSE,1552,"D"
"163","UNC479707","8RT","1",16.923,"AG","AB","AB",FALSE,1553,"D"
"164","JAX00247595","8RT","1",16.925,"CC","AB","AB",FALSE,1554,"D"
"165","UNCHS003530","8RT","1",88.149,"GG","AB","AB",FALSE,9347,"E"
"166","UNCJPD000544","8RT","1",88.15,"GG","AB","AB",FALSE,9348,"E"
"167","UNC2344488","8RT","1",88.15,"GG","AB","AB",FALSE,9349,"E"
"168","UNC2344758","8RT","1",88.155,"TC","AB","AB",FALSE,9350,"E"
"169","UNCHS003531","8RT","1",88.157,"AG","AB","AB",FALSE,9351,"E"
"170","UNCHS003532","8RT","1",88.157,"TC","AB","AB",FALSE,9352,"E"
"171","UNC2345143","8RT","1",88.161,"TC","AB","AB",FALSE,9353,"E"
"172","JAX00278894","8RT","1",88.161,"AA","AB","AB",FALSE,9354,"E"
"173","JAX00278902","8RT","1",88.164,"CC","AB","AB",FALSE,9355,"E"
"174","JAX00013462","8RT","1",88.166,"TG","AB","AB",FALSE,9356,"E"
"175","JAX00194157","8RT","1",88.167,"GG","AB","AB",FALSE,9357,"E"
"176","UNC2345725","8RT","1",88.169,"TT","AB","AB",FALSE,9358,"E"
"177","JAX00278921","8RT","1",88.172,"TT","AB","AB",FALSE,9359,"E"
"178","UNC2345938","8RT","1",88.172,"TC","AB","AB",FALSE,9360,"E"
"179","JAX00278925","8RT","1",88.174,"TT","AB","AB",FALSE,9361,"E"
"180","UNCHS003533","8RT","1",88.174,"AA","AB","AB",FALSE,9362,"E"
"181","UNCHS003534","8RT","1",88.174,"TC","AB","AB",FALSE,9363,"E"
"182","UNCHS003536","8RT","1",88.175,"AG","AB","AB",FALSE,9364,"E"
"183","UNC2346376","8RT","1",88.177,"AG","AB","AB",FALSE,9365,"E"
"184","UNC2346549","8RT","1",88.182,"AC","AB","AB",FALSE,9366,"E"
"185","UNC2346886","8RT","1",88.19,"GG","AA","AB",TRUE,9367,"E"
"186","JAX00013472","8RT","1",88.192,"TT","AA","AB",FALSE,9368,"E"
"187","UNCHS003537","8RT","1",88.194,"AA","AA","AB",FALSE,9369,"E"
"188","UNCHS003538","8RT","1",88.195,"GG","AA","AB",FALSE,9370,"E"
"189","UNC2347185","8RT","1",88.196,"AA","AA","AB",FALSE,9371,"E"
"190","UNC2347411","8RT","1",88.201,"TT","AA","AB",FALSE,9372,"E"
"191","UNCJPD000545","8RT","1",88.205,"GG","AA","AB",FALSE,9373,"E"
"192","UNC2347566","8RT","1",88.22,"AA","AA","AB",FALSE,9374,"E"
"193","UNCHS003539","8RT","1",88.24,"GG","AA","AB",FALSE,9375,"E"
"194","UNCHS003540","8RT","1",88.247,"AA","AA","AB",FALSE,9376,"E"
"195","UNC2347788","8RT","1",88.275,"TT","AA","AB",FALSE,9377,"E"
"196","UNC2348110","8RT","1",88.308,"TT","AA","AA",FALSE,9378,"E"
"197","UNC2348602","8RT","1",88.363,"AA","AA","AA",FALSE,9379,"E"
"198","UNC2348879","8RT","1",88.399,"AA","AA","AA",FALSE,9380,"E"
"199","JAX00278979","8RT","1",88.411,"TT","AA","AA",FALSE,9381,"E"
"200","UNCHS003541","8RT","1",88.415,"CC","AA","AA",FALSE,9382,"E"
"201","JAX00194166r","8RT","1",88.424,"GG","AA","AA",FALSE,9383,"E"
"202","UNC2349225","8RT","1",88.432,"CC","AA","AA",FALSE,9384,"E"
"203","UNCHS003543","8RT","1",88.434,"TT","AA","AA",FALSE,9385,"E"
"204","UNCHS003544","8RT","1",88.437,"TT","AA","AA",FALSE,9386,"E"
"205","UNCHS003545","8RT","1",88.482,"GG","AA","AA",FALSE,9387,"E"
"206","JAX00100458","8RT","2",66.545,"AA","AB","AB",FALSE,7431,"A"
"207","UNC4031570","8RT","2",66.563,"TT","AB","AB",FALSE,7432,"A"
"208","JAX00504636","8RT","2",66.579,"CC","AB","AB",FALSE,7433,"A"
"209","UNC4032109","8RT","2",66.58,"CC","AB","AB",FALSE,7434,"A"
"210","UNC021476603","8RT","2",66.598,"AA","AB","AB",FALSE,7435,"A"
"211","JAX00504641","8RT","2",66.6,"TT","AB","AB",FALSE,7436,"A"
"212","UNCHS006877","8RT","2",66.611,"GG","AB","AB",FALSE,7437,"A"
"213","UNCHS006878","8RT","2",66.615,"AA","AB","AB",FALSE,7438,"A"
"214","UNCJPD000976","8RT","2",66.635,"GG","AB","AB",FALSE,7439,"A"
"215","UNC4033506","8RT","2",66.636,"GG","AB","AB",FALSE,7440,"A"
"216","UNCHS006880","8RT","2",66.656,"CC","AB","AB",FALSE,7441,"A"
"217","UNCHS006881","8RT","2",66.699,"GG","AB","AB",FALSE,7442,"A"
"218","UNCHS006882","8RT","2",66.704,"TT","AB","AB",FALSE,7443,"A"
"219","UNCHS006883","8RT","2",66.707,"TT","AB","AB",FALSE,7444,"A"
"220","UNCHS006884","8RT","2",66.711,"TT","AB","AB",FALSE,7445,"A"
"221","UNC4034320","8RT","2",66.729,"GG","AB","AB",FALSE,7446,"A"
"222","UNC4034718","8RT","2",66.774,"GG","AB","AB",FALSE,7447,"A"
"223","UNC4034750","8RT","2",66.781,"TT","AB","AB",FALSE,7448,"A"
"224","JAX00100480","8RT","2",66.8,"CC","AB","AB",FALSE,7449,"A"
"225","UNC4034927","8RT","2",66.811,"AA","AB","AB",FALSE,7450,"A"
"226","UNCHS006885","8RT","2",66.824,"AA","AB","BB",TRUE,7451,"A"
"227","UNC4035019","8RT","2",66.826,"GG","AB","BB",FALSE,7452,"A"
"228","UNCHS006886","8RT","2",66.829,"TT","AB","BB",FALSE,7453,"A"
"229","UNC4035059","8RT","2",66.831,"CC","AB","BB",FALSE,7454,"A"
"230","UNC4035208","8RT","2",66.851,"AA","AB","BB",FALSE,7455,"A"
"231","UNC4035295","8RT","2",66.858,"AA","AB","BB",FALSE,7456,"A"
"232","UNC4035355","8RT","2",66.866,"GG","AB","BB",FALSE,7457,"A"
"233","UNC4035408","8RT","2",66.872,"GG","AB","BB",FALSE,7458,"A"
"234","JAX00504681","8RT","2",66.877,"GG","AB","BB",FALSE,7459,"A"
"235","UNC4035502","8RT","2",66.878,"AA","AB","BB",FALSE,7460,"A"
"236","UNC4035677","8RT","2",66.887,"TT","AB","BB",FALSE,7461,"A"
"237","UNC4035785","8RT","2",66.892,"TT","AB","BB",FALSE,7462,"A"
"238","UNCHS006887","8RT","2",66.896,"AA","AB","BB",FALSE,7463,"A"
"239","UNCHS006888","8RT","2",66.898,"AA","AB","BB",FALSE,7464,"A"
"240","UNC4035916","8RT","2",66.901,"--","AB","BB",FALSE,7465,"A"
"241","UNC4036088","8RT","2",66.908,"AA","AB","BB",FALSE,7466,"A"
"242","UNC4036224","8RT","2",66.917,"GG","AB","BB",FALSE,7467,"A"
"243","UNC4036309","8RT","2",66.922,"CC","AB","BB",FALSE,7468,"A"
"244","UNCHS006889","8RT","2",66.923,"TT","AB","BB",FALSE,7469,"A"
"245","JAX00100489","8RT","2",66.925,"GG","AB","BB",FALSE,7470,"A"
"246","UNCHS006890","8RT","2",66.928,"TT","AB","BB",FALSE,7471,"A"
"247","UNCHS007388","8RT","2",76.504,"TT","BB","BB",FALSE,8524,"B"
"248","UNCHS007389","8RT","2",76.531,"CC","BB","BB",FALSE,8525,"B"
"249","UNCHS007390","8RT","2",76.537,"TT","BB","BB",FALSE,8526,"B"
"250","UNC4267140","8RT","2",76.585,"TT","BB","BB",FALSE,8527,"B"
"251","UNCHS007392","8RT","2",76.6,"TT","BB","BB",FALSE,8528,"B"
"252","UNCHS007393","8RT","2",76.608,"--","BB","BB",FALSE,8529,"B"
"253","UNCHS007394","8RT","2",76.611,"TT","BB","BB",FALSE,8530,"B"
"254","UNC4267378","8RT","2",76.619,"GG","BB","BB",FALSE,8531,"B"
"255","UNC4267745","8RT","2",76.664,"GG","BB","BB",FALSE,8532,"B"
"256","UNCHS007395","8RT","2",76.718,"TT","BB","BB",FALSE,8533,"B"
"257","UNCHS007396","8RT","2",76.721,"CC","BB","BB",FALSE,8534,"B"
"258","UNC4268169","8RT","2",76.721,"CC","BB","BB",FALSE,8535,"B"
"259","UNCHS007397","8RT","2",76.737,"AA","BB","BB",FALSE,8536,"B"
"260","JAX00508001","8RT","2",76.745,"AA","BB","BB",FALSE,8537,"B"
"261","UNC4268649","8RT","2",76.771,"CC","BB","BB",FALSE,8538,"B"
"262","UNC4269116","8RT","2",76.794,"GG","BB","BB",FALSE,8539,"B"
"263","UNCHS007399","8RT","2",76.811,"CC","BB","BB",FALSE,8540,"B"
"264","UNCHS007400","8RT","2",76.812,"CC","BB","BB",FALSE,8541,"B"
"265","UNC4269816","8RT","2",76.814,"CC","BB","BB",FALSE,8542,"B"
"266","JAX00508042","8RT","2",76.827,"TT","BB","BB",FALSE,8543,"B"
"267","UNCHS007401","8RT","2",76.84,"AA","BB","AB",TRUE,8544,"B"
"268","UNCHS007402","8RT","2",76.841,"AG","AB","AB",FALSE,8545,"B"
"269","JAX00508062","8RT","2",76.842,"GG","AB","AB",FALSE,8546,"B"
"270","UNC4271214","8RT","2",76.845,"TC","AB","AB",FALSE,8547,"B"
"271","UNCHS007403","8RT","2",76.851,"AG","AB","AB",FALSE,8548,"B"
"272","UNCHS007406","8RT","2",76.86,"TC","AB","AB",FALSE,8549,"B"
"273","UNC4271669","8RT","2",76.861,"TC","AB","AB",FALSE,8550,"B"
"274","UNCHS007407","8RT","2",76.865,"GG","AB","AB",FALSE,8551,"B"
"275","JAX00508072","8RT","2",76.868,"TT","AB","AB",FALSE,8552,"B"
"276","UNCHS007408","8RT","2",76.868,"AG","AB","AB",FALSE,8553,"B"
"277","JAX00508077","8RT","2",76.871,"CC","AB","AB",FALSE,8554,"B"
"278","UNC4271952","8RT","2",76.879,"TC","AB","AB",FALSE,8555,"B"
"279","UNC4273140","8RT","2",76.904,"GG","AB","AB",FALSE,8556,"B"
"280","UNCHS007409","8RT","2",76.905,"AG","AB","AB",FALSE,8557,"B"
"281","UNCHS007410","8RT","2",76.907,"CC","AB","AB",FALSE,8558,"B"
"282","JAX00508096","8RT","2",76.915,"AA","AB","AB",FALSE,8559,"B"
"283","UNCJPD007931","8RT","2",76.923,"--","AB","AB",FALSE,8560,"B"
"284","UNC4273859","8RT","2",76.928,"CC","AB","AB",FALSE,8561,"B"
"285","UNC4273982","8RT","2",76.933,"AG","AB","AB",FALSE,8562,"B"
"286","UNCJPD001035","8RT","2",76.941,"GG","AB","AB",FALSE,8563,"B"
"287","UNC4274917","8RT","2",76.973,"AA","AB","AB",FALSE,8564,"B"
"288","UNCJPD001403","8RT","3",42.902,"GG","AB","AB",FALSE,4723,"A"
"289","UNC5820668","8RT","3",42.928,"TC","AB","AB",FALSE,4724,"A"
"290","JAX00221068","8RT","3",42.995,"TT","AB","AB",FALSE,4725,"A"
"291","JAX00531352","8RT","3",43.014,"AA","AB","AB",FALSE,4726,"A"
"292","JAX00531358","8RT","3",43.028,"AA","AB","AB",FALSE,4727,"A"
"293","JAX00531371","8RT","3",43.042,"GG","AB","AB",FALSE,4728,"A"
"294","UNCHS009541","8RT","3",43.044,"AA","AB","AB",FALSE,4729,"A"
"295","UNCHS009542","8RT","3",43.045,"GG","AB","AB",FALSE,4730,"A"
"296","UNC5823957","8RT","3",43.053,"AA","AB","AB",FALSE,4731,"A"
"297","UNCJPD001404","8RT","3",43.085,"CC","AB","AB",FALSE,4732,"A"
"298","UNC5826374","8RT","3",43.109,"TT","AB","AB",FALSE,4733,"A"
"299","JAX00531445","8RT","3",43.112,"GG","AB","AB",FALSE,4734,"A"
"300","UNCJPD001405","8RT","3",43.118,"--","AB","AB",FALSE,4735,"A"
"301","UNCHS009543","8RT","3",43.137,"AA","AB","AB",FALSE,4736,"A"
"302","UNCHS009544","8RT","3",43.138,"TG","AB","AB",FALSE,4737,"A"
"303","JAX00110909","8RT","3",43.154,"AA","AB","AB",FALSE,4738,"A"
"304","JAX00531502","8RT","3",43.154,"GG","AB","AB",FALSE,4739,"A"
"305","JAX00531555","8RT","3",43.206,"GG","AB","AB",FALSE,4740,"A"
"306","UNC5830527","8RT","3",43.214,"AG","AB","AB",FALSE,4741,"A"
"307","JAX00531601","8RT","3",43.265,"TC","AB","AB",FALSE,4742,"A"
"308","JAX00531626","8RT","3",43.294,"GG","AA","AB",TRUE,4743,"A"
"309","UNCHS009545","8RT","3",43.317,"--","AA","AB",FALSE,4744,"A"
"310","UNCHS009546","8RT","3",43.319,"GG","AA","AB",FALSE,4745,"A"
"311","UNC5834365","8RT","3",43.416,"TT","AA","AB",FALSE,4746,"A"
"312","UNCHS009548","8RT","3",43.478,"GG","AA","AB",FALSE,4747,"A"
"313","UNC5835687","8RT","3",43.491,"CC","AA","AB",FALSE,4748,"A"
"314","UNCHS009549","8RT","3",43.491,"AA","AA","AB",FALSE,4749,"A"
"315","UNCHS009550","8RT","3",43.494,"AA","AA","AB",FALSE,4750,"A"
"316","UNCHS009551","8RT","3",43.514,"GG","AA","AB",FALSE,4751,"A"
"317","UNCHS009552","8RT","3",43.516,"CC","AA","AB",FALSE,4752,"A"
"318","JAX00110956","8RT","3",43.521,"TT","AA","AB",FALSE,4753,"A"
"319","UNCJPD001408","8RT","3",43.535,"CC","AA","AB",FALSE,4754,"A"
"320","UNC5836377","8RT","3",43.536,"--","AA","AB",FALSE,4755,"A"
"321","JAX00531726","8RT","3",43.547,"AA","AA","AB",FALSE,4756,"A"
"322","UNC5836615","8RT","3",43.554,"AA","AA","AB",FALSE,4757,"A"
"323","UNC5836999","8RT","3",43.571,"GG","AA","AB",FALSE,4758,"A"
"324","UNC5837234","8RT","3",43.588,"AA","AA","AB",FALSE,4759,"A"
"325","UNC5837386","8RT","3",43.597,"CC","AA","AB",FALSE,4760,"A"
"326","UNC5837592","8RT","3",43.61,"CC","AA","AB",FALSE,4761,"A"
"327","UNC5838060","8RT","3",43.629,"CC","AA","AB",FALSE,4762,"A"
"328","UNCJPD008075","8RT","3",43.652,"AA","AA","AB",FALSE,4763,"A"
"329","UNCHS009935","8RT","3",52.194,"AA","AA","AA",FALSE,5829,"B"
"330","UNCHS009937","8RT","3",52.196,"TT","AA","AA",FALSE,5830,"B"
"331","UNCJPD001465","8RT","3",52.198,"CC","AA","AA",FALSE,5831,"B"
"332","UNCHS009938","8RT","3",52.199,"CC","AA","AA",FALSE,5832,"B"
"333","UNCHS009936","8RT","3",52.202,"GG","AA","AA",FALSE,5833,"B"
"334","UNC6077817","8RT","3",52.206,"TT","AA","AA",FALSE,5834,"B"
"335","UNC6078086","8RT","3",52.244,"TT","AA","AA",FALSE,5835,"B"
"336","JAX00112393","8RT","3",52.256,"CC","AA","AA",FALSE,5836,"B"
"337","UNC6078566","8RT","3",52.28,"GG","AA","AA",FALSE,5837,"B"
"338","UNC6078695","8RT","3",52.287,"GG","AA","AA",FALSE,5838,"B"
"339","UNC6079005","8RT","3",52.324,"CC","AA","AA",FALSE,5839,"B"
"340","UNC6079138","8RT","3",52.339,"GG","AA","AA",FALSE,5840,"B"
"341","JAX00535516","8RT","3",52.352,"CC","AA","AA",FALSE,5841,"B"
"342","UNCHS009939","8RT","3",52.353,"TT","AA","AA",FALSE,5842,"B"
"343","UNCHS009940","8RT","3",52.355,"CC","AA","AA",FALSE,5843,"B"
"344","UNC6079566","8RT","3",52.362,"CC","AA","AA",FALSE,5844,"B"
"345","UNC6079985","8RT","3",52.378,"CC","AA","AA",FALSE,5845,"B"
"346","JAX00221477","8RT","3",52.378,"GG","AA","AA",FALSE,5846,"B"
"347","UNCHS009942","8RT","3",52.383,"GG","AA","AA",FALSE,5847,"B"
"348","UNC6080212","8RT","3",52.385,"TT","AA","AA",FALSE,5848,"B"
"349","sanger2456","8RT","3",52.387,"AA","AB","AA",TRUE,5849,"B"
"350","sanger2456q","8RT","3",52.387,"AA","AB","AA",FALSE,5850,"B"
"351","JAX00535536","8RT","3",52.389,"TT","AA","AA",FALSE,5851,"B"
"352","UNC6080484","8RT","3",52.396,"CC","AA","AA",FALSE,5852,"B"
"353","UNC6081232","8RT","3",52.418,"GG","AA","AA",FALSE,5853,"B"
"354","UNCHS009943","8RT","3",52.423,"TT","AA","AA",FALSE,5854,"B"
"355","UNCHS009944","8RT","3",52.425,"AA","AA","AA",FALSE,5855,"B"
"356","UNC6081734","8RT","3",52.435,"AA","AA","AA",FALSE,5856,"B"
"357","UNC6081784","8RT","3",52.437,"AA","AA","AA",FALSE,5857,"B"
"358","UNC6082272","8RT","3",52.456,"AA","AA","AA",FALSE,5858,"B"
"359","UNC6082580","8RT","3",52.463,"CC","AA","AA",FALSE,5859,"B"
"360","backupUNC030523551","8RT","3",52.47,"TT","AA","AA",FALSE,5860,"B"
"361","UNC6083151","8RT","3",52.483,"CC","AA","AA",FALSE,5861,"B"
"362","JAX00535584","8RT","3",52.485,"CC","AA","AA",FALSE,5862,"B"
"363","UNC6083553","8RT","3",52.494,"CC","AA","AA",FALSE,5863,"B"
"364","UNC6084111","8RT","3",52.515,"AA","AA","AA",FALSE,5864,"B"
"365","UNC6084612","8RT","3",52.531,"GG","AA","AA",FALSE,5865,"B"
"366","UNC6084809","8RT","3",52.537,"TT","AA","AA",FALSE,5866,"B"
"367","UNC6085165","8RT","3",52.546,"GG","AA","AA",FALSE,5867,"B"
"368","UNC6085576","8RT","3",52.56,"TT","AA","AA",FALSE,5868,"B"
"369","JAX00535630","8RT","3",52.563,"AA","AA","AA",FALSE,5869,"B"
"370","JAX00126323","8RT","4",84.524,"AG","AB","AB",FALSE,7761,"A"
"371","UNC8513853","8RT","4",84.575,"GG","AB","AB",FALSE,7762,"A"
"372","JAX00126325","8RT","4",84.599,"GG","AB","AB",FALSE,7763,"A"
"373","UNC8514015","8RT","4",84.615,"GG","AB","AB",FALSE,7764,"A"
"374","UNC8514110","8RT","4",84.64,"AA","AB","AB",FALSE,7765,"A"
"375","UNC8514354","8RT","4",84.683,"TC","AB","AB",FALSE,7766,"A"
"376","UNC8514698","8RT","4",84.736,"CC","AB","AB",FALSE,7767,"A"
"377","UNC8514829","8RT","4",84.758,"--","AB","AB",FALSE,7768,"A"
"378","UNC8515195","8RT","4",84.811,"TT","AB","AB",FALSE,7769,"A"
"379","UNCHS013389","8RT","4",84.825,"CC","AB","AB",FALSE,7770,"A"
"380","UNC8515396","8RT","4",84.852,"GG","AB","AB",FALSE,7771,"A"
"381","UNC8515656","8RT","4",84.894,"GG","AB","AB",FALSE,7772,"A"
"382","UNC8515837","8RT","4",84.92,"CC","AB","AB",FALSE,7773,"A"
"383","UNC8516219","8RT","4",84.963,"GG","AB","AB",FALSE,7774,"A"
"384","JAX00571862","8RT","4",84.979,"GG","AB","AB",FALSE,7775,"A"
"385","UNC8516426","8RT","4",84.993,"AC","AB","AB",FALSE,7776,"A"
"386","UNC8516836","8RT","4",85.047,"TT","AB","AB",FALSE,7777,"A"
"387","UNC8517173","8RT","4",85.085,"AG","AB","AB",FALSE,7778,"A"
"388","JAX00571886","8RT","4",85.087,"CC","AB","AB",FALSE,7779,"A"
"389","UNC8517703","8RT","4",85.143,"CC","AB","AB",FALSE,7780,"A"
"390","UNC8518062","8RT","4",85.187,"TC","AB","BB",TRUE,7781,"A"
"391","UNCHS013391","8RT","4",85.189,"AG","AB","BB",FALSE,7782,"A"
"392","UNCHS013392","8RT","4",85.195,"GG","BB","BB",FALSE,7783,"A"
"393","UNC8518274","8RT","4",85.213,"TT","BB","BB",FALSE,7784,"A"
"394","JAX00571915","8RT","4",85.23,"GG","BB","BB",FALSE,7785,"A"
"395","UNC8518777","8RT","4",85.26,"GG","BB","BB",FALSE,7786,"A"
"396","JAX00571931","8RT","4",85.263,"CC","BB","BB",FALSE,7787,"A"
"397","UNC8518937","8RT","4",85.276,"CC","BB","BB",FALSE,7788,"A"
"398","UNCJPD002039","8RT","4",85.31,"CC","BB","BB",FALSE,7789,"A"
"399","JAX00571938","8RT","4",85.344,"GG","BB","BB",FALSE,7790,"A"
"400","UNC8519414","8RT","4",85.346,"GG","BB","BB",FALSE,7791,"A"
"401","JAX00571946","8RT","4",85.349,"CC","BB","BB",FALSE,7792,"A"
"402","JAX00571950","8RT","4",85.352,"CC","BB","BB",FALSE,7793,"A"
"403","UNC8519564","8RT","4",85.362,"TT","BB","BB",FALSE,7794,"A"
"404","UNC8519911","8RT","4",85.414,"TT","BB","BB",FALSE,7795,"A"
"405","UNC8520099","8RT","4",85.438,"CC","BB","BB",FALSE,7796,"A"
"406","UNCHS013393","8RT","4",85.439,"AA","BB","BB",FALSE,7797,"A"
"407","UNCHS013394","8RT","4",85.445,"CC","BB","BB",FALSE,7798,"A"
"408","UNC8520308","8RT","4",85.464,"AA","BB","BB",FALSE,7799,"A"
"409","UNCHS013395","8RT","4",85.465,"CC","BB","BB",FALSE,7800,"A"
"410","UNCHS013396","8RT","4",85.476,"AA","BB","BB",FALSE,7801,"A"
"411","ICR5515","8RT","4",88.532,"CC","BB","BB",FALSE,7932,"B"
"412","UNC8538182","8RT","4",88.541,"AA","BB","BB",FALSE,7933,"B"
"413","UNC8538317","8RT","4",88.578,"TT","BB","BB",FALSE,7934,"B"
"414","ICR5516","8RT","4",88.589,"AA","BB","BB",FALSE,7935,"B"
"415","UNC8538445","8RT","4",88.604,"CC","BB","BB",FALSE,7936,"B"
"416","ICR5517","8RT","4",88.606,"GG","BB","BB",FALSE,7937,"B"
"417","ICR1518","8RT","4",88.612,"TT","BB","BB",FALSE,7938,"B"
"418","UNC8538643","8RT","4",88.612,"AA","BB","BB",FALSE,7939,"B"
"419","ICR1519","8RT","4",88.616,"CC","BB","BB",FALSE,7940,"B"
"420","ICR5519","8RT","4",88.616,"GG","BB","BB",FALSE,7941,"B"
"421","UNC8538827","8RT","4",88.617,"TT","BB","BB",FALSE,7942,"B"
"422","UNC8538907","8RT","4",88.619,"TT","BB","BB",FALSE,7943,"B"
"423","ICR1520","8RT","4",88.623,"TT","BB","BB",FALSE,7944,"B"
"424","ICR5520","8RT","4",88.623,"AA","BB","BB",FALSE,7945,"B"
"425","UNC8539144","8RT","4",88.627,"AA","BB","BB",FALSE,7946,"B"
"426","UNC8539215","8RT","4",88.629,"TT","BB","BB",FALSE,7947,"B"
"427","ICR1521","8RT","4",88.631,"AA","BB","BB",FALSE,7948,"B"
"428","ICR5521","8RT","4",88.631,"GG","BB","BB",FALSE,7949,"B"
"429","UNC8539315","8RT","4",88.633,"AA","BB","BB",FALSE,7950,"B"
"430","UNC8539401","8RT","4",88.645,"GG","BB","BB",FALSE,7951,"B"
"431","sanger2804","8RT","4",91.844,"CC","AB","BB",TRUE,7952,"B"
"432","ICR1522","8RT","5",1.8,"CC","BA","AB",TRUE,1,"A"
"433","UNCHS013411","8RT","5",1.801,"TT","BA","AB",FALSE,2,"A"
"434","UNCHS013412","8RT","5",1.806,"AA","BA","AB",FALSE,3,"A"
"435","ICR5522","8RT","5",1.813,"GG","BA","AB",FALSE,4,"A"
"436","ICR5523","8RT","5",1.816,"GG","BA","AB",FALSE,5,"A"
"437","ICR1524","8RT","5",1.842,"AA","BA","AB",FALSE,6,"A"
"438","ICR5524","8RT","5",1.846,"CC","BA","AB",FALSE,7,"A"
"439","JAX00126462","8RT","5",1.859,"TT","BA","AB",FALSE,8,"A"
"440","UNCHS013413","8RT","5",1.866,"--","BA","AB",FALSE,9,"A"
"441","UNCHS013414","8RT","5",1.87,"CC","BA","AB",FALSE,10,"A"
"442","ICR1525","8RT","5",1.871,"CC","BA","AB",FALSE,11,"A"
"443","JAX00572222","8RT","5",1.903,"GG","BA","AB",FALSE,12,"A"
"444","UNC8539874","8RT","5",1.905,"GG","BA","AB",FALSE,13,"A"
"445","ICR1527","8RT","5",1.926,"TT","BA","AB",FALSE,14,"A"
"446","ICR5527","8RT","5",1.937,"TT","BA","AB",FALSE,15,"A"
"447","ICR1528","8RT","5",1.961,"CC","BA","AB",FALSE,16,"A"
"448","ICR5528","8RT","5",1.962,"CC","BA","AB",FALSE,17,"A"
"449","ICR1529","8RT","5",1.981,"CC","BA","AB",FALSE,18,"A"
"450","ICR5529","8RT","5",1.982,"--","BA","AB",FALSE,19,"A"
"451","UNCJPD002046","8RT","5",1.982,"--","BA","AB",FALSE,20,"A"
"452","JAX00572244","8RT","5",1.996,"GG","BA","AB",FALSE,21,"A"
"453","UNCJPD002495","8RT","6",1.331,"TT","AB","BA",TRUE,1,"A"
"454","UNCHS016391","8RT","6",1.367,"GG","AB","BA",FALSE,2,"A"
"455","UNCHS016392","8RT","6",1.369,"GG","AB","BA",FALSE,3,"A"
"456","UNCJPD009018","8RT","6",1.395,"CC","AB","BA",FALSE,4,"A"
"457","JAX00228422","8RT","6",1.396,"GG","AB","BA",FALSE,5,"A"
"458","UNCJPD002496","8RT","6",1.422,"--","AB","BA",FALSE,6,"A"
"459","JAX00601833","8RT","6",1.441,"TT","AB","BA",FALSE,7,"A"
"460","JAX00601838","8RT","6",1.471,"CC","AB","BA",FALSE,8,"A"
"461","JAX00137332","8RT","6",1.471,"AG","AB","BA",FALSE,9,"A"
"462","UNCHS016393","8RT","6",1.476,"AG","AB","BA",FALSE,10,"A"
"463","UNCHS016394","8RT","6",1.478,"TG","AB","BA",FALSE,11,"A"
"464","UNCHS016395","8RT","6",1.505,"AG","AB","BA",FALSE,12,"A"
"465","UNCHS016396","8RT","6",1.507,"AC","AB","BA",FALSE,13,"A"
"466","CEAJAX00601853","8RT","6",1.518,"TT","AB","BA",FALSE,14,"A"
"467","JAX00601853","8RT","6",1.518,"TT","AB","BA",FALSE,15,"A"
"468","JAX00601853r","8RT","6",1.518,"TT","AB","BA",FALSE,16,"A"
"469","UNCHS016397","8RT","6",1.521,"TC","AB","BA",FALSE,17,"A"
"470","UNCHS016398","8RT","6",1.522,"AA","AB","BA",FALSE,18,"A"
"471","UNCHS016399","8RT","6",1.553,"TT","AB","BA",FALSE,19,"A"
"472","UNCHS016400","8RT","6",1.554,"GG","AB","BA",FALSE,20,"A"
"473","JAX00137347","8RT","6",1.565,"AA","AB","BA",FALSE,21,"A"
"474","UNCHS018902","8RT","6",57.584,"TT","AA","AA",FALSE,6169,"B"
"475","UNC11990059","8RT","6",57.641,"GG","AA","AA",FALSE,6170,"B"
"476","UNCHS018903","8RT","6",57.657,"GG","AA","AA",FALSE,6171,"B"
"477","UNCHS018904","8RT","6",57.665,"TT","AA","AA",FALSE,6172,"B"
"478","JAX00624639","8RT","6",57.684,"--","AA","AA",FALSE,6173,"B"
"479","UNC11990834","8RT","6",57.714,"TT","AA","AA",FALSE,6174,"B"
"480","JAX00146190","8RT","6",57.716,"GG","AA","AA",FALSE,6175,"B"
"481","UNCHS018905","8RT","6",57.745,"GG","AA","AA",FALSE,6176,"B"
"482","UNCHS018906","8RT","6",57.748,"AA","AA","AA",FALSE,6177,"B"
"483","UNC11991182","8RT","6",57.75,"TT","AA","AA",FALSE,6178,"B"
"484","JAX00624655","8RT","6",57.769,"AA","AA","AA",FALSE,6179,"B"
"485","JAX00624661","8RT","6",57.811,"TT","AA","AA",FALSE,6180,"B"
"486","UNCHS018907","8RT","6",57.812,"AA","AA","AA",FALSE,6181,"B"
"487","UNCHS018908","8RT","6",57.814,"TT","AA","AA",FALSE,6182,"B"
"488","UNC11992847","8RT","6",57.822,"CC","AA","AA",FALSE,6183,"B"
"489","UNCHS018909","8RT","6",57.843,"TT","AA","AA",FALSE,6184,"B"
"490","UNC11993190","8RT","6",57.844,"TT","AA","AA",FALSE,6185,"B"
"491","UNCHS018910","8RT","6",57.846,"TT","AA","AA",FALSE,6186,"B"
"492","UNC11994566","8RT","6",57.914,"AA","AA","AA",FALSE,6187,"B"
"493","UNC11994791","8RT","6",57.923,"AA","AA","AA",FALSE,6188,"B"
"494","sanger3369q","8RT","6",57.927,"--","AB","AA",TRUE,6189,"B"
"495","UNC11994953","8RT","6",57.933,"AA","AA","AA",FALSE,6190,"B"
"496","UNC11995020","8RT","6",57.94,"AA","AA","AA",FALSE,6191,"B"
"497","UNC11995230","8RT","6",57.953,"CC","AA","AA",FALSE,6192,"B"
"498","UNC11995424","8RT","6",57.966,"GG","AA","AA",FALSE,6193,"B"
"499","UNC11995493","8RT","6",57.969,"CC","AA","AA",FALSE,6194,"B"
"500","UNC11995753","8RT","6",57.982,"TT","AA","AA",FALSE,6195,"B"
"501","UNC11995925","8RT","6",57.991,"CC","AA","AA",FALSE,6196,"B"
"502","JAX00624711","8RT","6",57.995,"CC","AA","AA",FALSE,6197,"B"
"503","UNC11996043","8RT","6",57.998,"TT","AA","AA",FALSE,6198,"B"
"504","JAX00624714","8RT","6",58,"GG","AA","AA",FALSE,6199,"B"
"505","UNCHS018912","8RT","6",58.003,"TT","AA","AA",FALSE,6200,"B"
"506","UNC11996440","8RT","6",58.017,"TT","AA","AA",FALSE,6201,"B"
"507","UNC11996787","8RT","6",58.038,"TT","AA","AA",FALSE,6202,"B"
"508","UNC11996891","8RT","6",58.048,"AA","AA","AA",FALSE,6203,"B"
"509","UNC11996940","8RT","6",58.058,"CC","AA","AA",FALSE,6204,"B"
"510","UNC11997026","8RT","6",58.068,"GG","AA","AA",FALSE,6205,"B"
"511","UNC11997101","8RT","6",58.077,"AA","AA","AA",FALSE,6206,"B"
"512","UNCHS018913","8RT","6",58.078,"TT","AA","AA",FALSE,6207,"B"
"513","UNC11997182","8RT","6",58.087,"TT","AA","AA",FALSE,6208,"B"
"514","JAX00146227","8RT","6",58.092,"CC","AA","AA",FALSE,6209,"B"
"515","ICR1775","8RT","7",1.864,"GG","BA","AB",TRUE,1,"A"
"516","ICR5775","8RT","7",1.864,"CC","BA","AB",FALSE,2,"A"
"517","ICR1776","8RT","7",1.864,"--","BA","AB",FALSE,3,"A"
"518","UNCJPD002935","8RT","7",1.887,"GG","BA","AB",FALSE,4,"A"
"519","ICR1777","8RT","7",1.902,"CC","BA","AB",FALSE,5,"A"
"520","ICR5777","8RT","7",1.902,"CC","BA","AB",FALSE,6,"A"
"521","JAX00148221","8RT","7",1.905,"GG","BA","AB",FALSE,7,"A"
"522","JAX00631073","8RT","7",1.906,"GG","BA","AB",FALSE,8,"A"
"523","JAX00148222","8RT","7",1.908,"AG","BA","AB",FALSE,9,"A"
"524","UNCHS019417","8RT","7",1.91,"GG","BA","AB",FALSE,10,"A"
"525","ICR1778","8RT","7",1.914,"CC","BA","AB",FALSE,11,"A"
"526","UNCHS019420","8RT","7",1.922,"TT","BA","AB",FALSE,12,"A"
"527","ICR5778","8RT","7",1.947,"GG","BA","AB",FALSE,13,"A"
"528","UNC12367710","8RT","7",1.961,"AG","BA","AB",FALSE,14,"A"
"529","UNCHS019421","8RT","7",1.966,"AG","BA","AB",FALSE,15,"A"
"530","UNCHS019422","8RT","7",1.968,"TC","BA","AB",FALSE,16,"A"
"531","ICR1779","8RT","7",1.988,"TT","BA","AB",FALSE,17,"A"
"532","UNCHS019423","8RT","7",1.997,"CC","BA","AB",FALSE,18,"A"
"533","ICR5779","8RT","7",2.001,"CC","BA","AB",FALSE,19,"A"
"534","ICR1780","8RT","7",2.009,"TC","BA","AB",FALSE,20,"A"
"535","ICR5780","8RT","7",2.01,"TC","BA","AB",FALSE,21,"A"
"536","JAX00162106","8RT","8",29.559,"CC","AA","AA",FALSE,2479,"A"
"537","JAX00162108","8RT","8",29.564,"AA","AA","AA",FALSE,2480,"A"
"538","UNC14783691","8RT","8",29.567,"CC","AA","AA",FALSE,2481,"A"
"539","UNC14785355","8RT","8",29.595,"AA","AA","AA",FALSE,2482,"A"
"540","JAX00669184","8RT","8",29.602,"TT","AA","AA",FALSE,2483,"A"
"541","UNCHS022997","8RT","8",29.606,"CC","AA","AA",FALSE,2484,"A"
"542","UNCHS022998","8RT","8",29.609,"--","AA","AA",FALSE,2485,"A"
"543","JAX00669195","8RT","8",29.622,"GG","AA","AA",FALSE,2486,"A"
"544","UNC14786625","8RT","8",29.622,"GG","AA","AA",FALSE,2487,"A"
"545","JAX00669200","8RT","8",29.626,"TT","AA","AA",FALSE,2488,"A"
"546","UNC14788079","8RT","8",29.648,"AA","AA","AA",FALSE,2489,"A"
"547","UNC14788711","8RT","8",29.664,"AA","AA","AA",FALSE,2490,"A"
"548","JAX00669241","8RT","8",29.665,"GG","AA","AA",FALSE,2491,"A"
"549","UNCHS023000","8RT","8",29.668,"TT","AA","AA",FALSE,2492,"A"
"550","UNC14789121","8RT","8",29.672,"GG","AA","AA",FALSE,2493,"A"
"551","UNCJPD003527","8RT","8",29.673,"GG","AA","AA",FALSE,2494,"A"
"552","UNCHS023001","8RT","8",29.677,"GG","AA","AA",FALSE,2495,"A"
"553","UNCHS023002","8RT","8",29.678,"GG","AA","AA",FALSE,2496,"A"
"554","UNC14789534","8RT","8",29.678,"CC","AA","AA",FALSE,2497,"A"
"555","JAX00669252","8RT","8",29.678,"GG","AA","AA",FALSE,2498,"A"
"556","UNCHS023003","8RT","8",29.68,"AA","AA","AB",TRUE,2499,"A"
"557","UNCHS023004","8RT","8",29.68,"AC","AB","AB",FALSE,2500,"A"
"558","UNC14789817","8RT","8",29.68,"GG","AB","AB",FALSE,2501,"A"
"559","JAX00669257","8RT","8",29.683,"CC","AB","AB",FALSE,2502,"A"
"560","JAX00162150","8RT","8",29.686,"TC","AB","AB",FALSE,2503,"A"
"561","UNC14790526","8RT","8",29.689,"TC","AB","AB",FALSE,2504,"A"
"562","JAX00669261","8RT","8",29.689,"GG","AB","AB",FALSE,2505,"A"
"563","UNC14790897","8RT","8",29.693,"AA","AB","AB",FALSE,2506,"A"
"564","UNC14791435","8RT","8",29.703,"AC","AB","AB",FALSE,2507,"A"
"565","UNC14791749","8RT","8",29.706,"TC","AB","AB",FALSE,2508,"A"
"566","UNC14791983","8RT","8",29.709,"AA","AB","AB",FALSE,2509,"A"
"567","UNC14792346","8RT","8",29.713,"AG","AB","AB",FALSE,2510,"A"
"568","JAX00234579","8RT","8",29.714,"GG","AB","AB",FALSE,2511,"A"
"569","UNC14792619","8RT","8",29.715,"AA","AB","AB",FALSE,2512,"A"
"570","UNC14792882","8RT","8",29.718,"CC","AB","AB",FALSE,2513,"A"
"571","UNCJPD003528","8RT","8",29.722,"GG","AB","AB",FALSE,2514,"A"
"572","UNC14793675","8RT","8",29.724,"AG","AB","AB",FALSE,2515,"A"
"573","UNC14793993","8RT","8",29.728,"TT","AB","AB",FALSE,2516,"A"
"574","JAX00669300","8RT","8",29.728,"TT","AB","AB",FALSE,2517,"A"
"575","UNC14794210","8RT","8",29.73,"AG","AB","AB",FALSE,2518,"A"
"576","UNCJPD003529","8RT","8",29.731,"GG","AB","AB",FALSE,2519,"A"
"577","UNC14797929","8RT","8",29.779,"AG","AB","AB",FALSE,2542,"B"
"578","UNC14798305","8RT","8",29.783,"AG","AB","AB",FALSE,2543,"B"
"579","UNC14798963","8RT","8",29.791,"TT","AB","AB",FALSE,2544,"B"
"580","UNC14799270","8RT","8",29.793,"TC","AB","AB",FALSE,2545,"B"
"581","JAX00162212","8RT","8",29.796,"AG","AB","AB",FALSE,2546,"B"
"582","UNC14799520","8RT","8",29.797,"AG","AB","AB",FALSE,2547,"B"
"583","JAX00669384","8RT","8",29.798,"CC","AB","AB",FALSE,2548,"B"
"584","UNC14799749","8RT","8",29.8,"AG","AB","AB",FALSE,2549,"B"
"585","UNC14799964","8RT","8",29.802,"TC","AB","AB",FALSE,2550,"B"
"586","UNC14800326","8RT","8",29.823,"AG","AB","AB",FALSE,2551,"B"
"587","UNC14800908","8RT","8",29.883,"AG","AB","AB",FALSE,2552,"B"
"588","UNCHS023013","8RT","8",29.905,"AG","AB","AB",FALSE,2553,"B"
"589","UNCHS023014","8RT","8",29.909,"AA","AB","AB",FALSE,2554,"B"
"590","UNC14801508","8RT","8",29.937,"AA","AB","AB",FALSE,2555,"B"
"591","UNC14801823","8RT","8",29.978,"AG","AB","AB",FALSE,2556,"B"
"592","UNCHS023016","8RT","8",29.985,"TT","AB","AB",FALSE,2557,"B"
"593","UNC14802068","8RT","8",30.001,"AA","AB","AB",FALSE,2558,"B"
"594","UNC14802451","8RT","8",30.034,"AA","AB","AB",FALSE,2559,"B"
"595","JAX00234599","8RT","8",30.064,"AA","AB","AB",FALSE,2560,"B"
"596","UNC14802833","8RT","8",30.07,"CC","AB","AB",FALSE,2561,"B"
"597","sanger4035","8RT","8",30.071,"TC","AA","AB",TRUE,2562,"B"
"598","sanger4035q","8RT","8",30.071,"TC","AA","AB",FALSE,2563,"B"
"599","UNC14803250","8RT","8",30.102,"--","AB","AB",FALSE,2564,"B"
"600","UNC14803549","8RT","8",30.14,"AA","AB","AB",FALSE,2565,"B"
"601","JAX00669450","8RT","8",30.164,"AA","AB","AB",FALSE,2566,"B"
"602","UNCHS023017","8RT","8",30.17,"TC","AB","AB",FALSE,2567,"B"
"603","UNC14803878","8RT","8",30.172,"TC","AB","AB",FALSE,2568,"B"
"604","UNCHS023018","8RT","8",30.174,"AA","AB","AB",FALSE,2569,"B"
"605","UNCHS023019","8RT","8",30.174,"AA","AB","AB",FALSE,2570,"B"
"606","UNCHS023020","8RT","8",30.177,"AG","AB","AB",FALSE,2571,"B"
"607","UNC14804070","8RT","8",30.197,"TT","AB","AB",FALSE,2572,"B"
"608","UNCJPD003531","8RT","8",30.203,"CC","AB","AB",FALSE,2573,"B"
"609","JAX00669465","8RT","8",30.235,"GG","AB","AB",FALSE,2574,"B"
"610","UNCHS023021","8RT","8",30.353,"TT","AB","AB",FALSE,2575,"B"
"611","UNCHS023022","8RT","8",30.363,"TT","AB","AB",FALSE,2576,"B"
"612","UNCHS023023","8RT","8",30.386,"TT","AB","AB",FALSE,2577,"B"
"613","UNCHS023024","8RT","8",30.393,"TT","AB","AB",FALSE,2578,"B"
"614","JAX00669496","8RT","8",30.488,"GG","AB","AB",FALSE,2579,"B"
"615","UNC14807497","8RT","8",30.497,"AG","AB","AB",FALSE,2580,"B"
"616","UNCHS023025","8RT","8",30.498,"AA","AB","AB",FALSE,2581,"B"
"617","UNCHS023026","8RT","8",30.501,"TT","AB","AB",FALSE,2582,"B"
"618","JAX00684524","8RT","9",1.052,"TT","BA","AB",TRUE,1,"A"
"619","UNCJPD003745","8RT","9",1.072,"--","BA","AB",FALSE,2,"A"
"620","UNCHS024587","8RT","9",1.074,"--","BA","AB",FALSE,3,"A"
"621","UNCHS024588","8RT","9",1.076,"AA","BA","AB",FALSE,4,"A"
"622","JAX00684532","8RT","9",1.081,"GG","BA","AB",FALSE,5,"A"
"623","JAX00167608","8RT","9",1.095,"CC","BA","AB",FALSE,6,"A"
"624","UNCJPD003746","8RT","9",1.11,"GG","BA","AB",FALSE,7,"A"
"625","UNCHS024589","8RT","9",1.113,"TT","BA","AB",FALSE,8,"A"
"626","UNCHS024590","8RT","9",1.117,"CC","BA","AB",FALSE,9,"A"
"627","UNCHS024591","8RT","9",1.124,"TT","BA","AB",FALSE,10,"A"
"628","UNCHS024592","8RT","9",1.125,"GG","BA","AB",FALSE,11,"A"
"629","JAX00684548","8RT","9",1.132,"CC","BA","AB",FALSE,12,"A"
"630","UNCHS024593","8RT","9",1.144,"AG","BA","AB",FALSE,13,"A"
"631","UNCHS024594","8RT","9",1.145,"AA","BA","AB",FALSE,14,"A"
"632","JAX00167620","8RT","9",1.146,"GG","BA","AB",FALSE,15,"A"
"633","UNCHS024595","8RT","9",1.151,"TT","BA","AB",FALSE,16,"A"
"634","UNCHS024596","8RT","9",1.152,"CC","BA","AB",FALSE,17,"A"
"635","JAX00684559","8RT","9",1.172,"GG","BA","AB",FALSE,18,"A"
"636","JAX00684559r","8RT","9",1.172,"GG","BA","AB",FALSE,19,"A"
"637","JAX00684562","8RT","9",1.202,"AA","BA","AB",FALSE,20,"A"
"638","ICR2066","8RT","9",1.223,"TT","BA","AB",FALSE,21,"A"
"639","UNC20266015","8RT","11",66.05,"GG","AA","AA",FALSE,5953,"A"
"640","UNC20266361","8RT","11",66.104,"AA","AA","AA",FALSE,5954,"A"
"641","UNCHS032075","8RT","11",66.106,"CC","AA","AA",FALSE,5955,"A"
"642","UNC20266775","8RT","11",66.152,"AA","AA","AA",FALSE,5956,"A"
"643","JAX00031135","8RT","11",66.168,"TT","AA","AA",FALSE,5957,"A"
"644","UNCHS032077","8RT","11",66.171,"CC","AA","AA",FALSE,5958,"A"
"645","UNCHS032078","8RT","11",66.177,"GG","AA","AA",FALSE,5959,"A"
"646","UNC20266946","8RT","11",66.195,"GG","AA","AA",FALSE,5960,"A"
"647","UNC20267069","8RT","11",66.223,"GG","AA","AA",FALSE,5961,"A"
"648","JAX00320303","8RT","11",66.287,"GG","AA","AA",FALSE,5962,"A"
"649","UNC20267835","8RT","11",66.294,"TT","AA","AA",FALSE,5963,"A"
"650","UNC20268201","8RT","11",66.307,"GG","AA","AA",FALSE,5964,"A"
"651","UNCJPD004788","8RT","11",66.312,"--","AA","AA",FALSE,5965,"A"
"652","UNC20268373","8RT","11",66.315,"CC","AA","AA",FALSE,5966,"A"
"653","JAX00320324","8RT","11",66.322,"TT","AA","AA",FALSE,5967,"A"
"654","UNC20268709","8RT","11",66.333,"TT","AA","AA",FALSE,5968,"A"
"655","UNC20268827","8RT","11",66.339,"CC","AA","AA",FALSE,5969,"A"
"656","UNCHS032079","8RT","11",66.341,"TT","AA","AA",FALSE,5970,"A"
"657","UNCHS032080","8RT","11",66.343,"AA","AA","AA",FALSE,5971,"A"
"658","UNC20268963","8RT","11",66.351,"AA","AA","AA",FALSE,5972,"A"
"659","UNC20269589","8RT","11",66.387,"TT","AA","AB",TRUE,5973,"A"
"660","UNCHS032081","8RT","11",66.404,"TT","AA","AB",FALSE,5974,"A"
"661","UNC20270087","8RT","11",66.407,"TT","AA","AB",FALSE,5975,"A"
"662","UNCHS032083","8RT","11",66.408,"TT","AA","AB",FALSE,5976,"A"
"663","UNCHS032084","8RT","11",66.409,"AG","AB","AB",FALSE,5977,"A"
"664","UNC20270261","8RT","11",66.414,"TC","AB","AB",FALSE,5978,"A"
"665","UNC20270499","8RT","11",66.426,"GG","AB","AB",FALSE,5979,"A"
"666","UNC20270670","8RT","11",66.438,"GG","AB","AB",FALSE,5980,"A"
"667","UNC20270826","8RT","11",66.449,"AA","AB","AB",FALSE,5981,"A"
"668","UNCHS032085","8RT","11",66.449,"CC","AB","AB",FALSE,5982,"A"
"669","UNCHS032086","8RT","11",66.45,"TT","AB","AB",FALSE,5983,"A"
"670","UNC20271233","8RT","11",66.458,"CC","AB","AB",FALSE,5984,"A"
"671","UNC20271502","8RT","11",66.467,"GG","AB","AB",FALSE,5985,"A"
"672","UNC20271946","8RT","11",66.487,"AG","AB","AB",FALSE,5986,"A"
"673","UNCHS032087","8RT","11",66.498,"TT","AB","AB",FALSE,5987,"A"
"674","UNCHS032088","8RT","11",66.5,"CC","AB","AB",FALSE,5988,"A"
"675","UNC20272343","8RT","11",66.515,"AA","AB","AB",FALSE,5989,"A"
"676","JAX00320401","8RT","11",66.522,"CC","AB","AB",FALSE,5990,"A"
"677","UNC20272464","8RT","11",66.526,"CC","AB","AB",FALSE,5991,"A"
"678","UNC20272817","8RT","11",66.548,"GG","AB","AB",FALSE,5992,"A"
"679","JAX00031181","8RT","11",66.557,"AG","AB","AB",FALSE,5993,"A"
"680","UNCHS033242","8RT","12",16.67,"TT","BA","BA",FALSE,1815,"A"
"681","UNC20906961","8RT","12",16.707,"GG","BA","BA",FALSE,1816,"A"
"682","UNC20907554","8RT","12",16.719,"TT","BA","BA",FALSE,1817,"A"
"683","UNC20908273","8RT","12",16.742,"GG","BA","BA",FALSE,1818,"A"
"684","JAX00330700","8RT","12",16.758,"GG","BA","BA",FALSE,1819,"A"
"685","UNC20909482","8RT","12",16.772,"AA","BA","BA",FALSE,1820,"A"
"686","UNCJPD009336","8RT","12",16.778,"--","BA","BA",FALSE,1821,"A"
"687","JAX00034967","8RT","12",16.782,"GG","BA","BA",FALSE,1822,"A"
"688","UNC20910479","8RT","12",16.809,"AA","BA","BA",FALSE,1823,"A"
"689","JAX00330716","8RT","12",16.816,"CC","BA","BA",FALSE,1824,"A"
"690","UNCHS033243","8RT","12",16.827,"GG","BA","BA",FALSE,1825,"A"
"691","UNCHS033245","8RT","12",16.828,"AA","BA","BA",FALSE,1826,"A"
"692","UNCHS033244","8RT","12",16.828,"AA","BA","BA",FALSE,1827,"A"
"693","UNCHS033246","8RT","12",16.829,"AA","BA","BA",FALSE,1828,"A"
"694","JAX00330758","8RT","12",16.91,"GG","BA","BA",FALSE,1829,"A"
"695","UNCJPD004950","8RT","12",16.957,"TT","BA","BA",FALSE,1830,"A"
"696","JAX00330760","8RT","12",16.96,"CC","BA","BA",FALSE,1831,"A"
"697","UNCHS033247","8RT","12",16.964,"TT","BA","BA",FALSE,1832,"A"
"698","UNCHS033248","8RT","12",16.967,"TT","BA","BA",FALSE,1833,"A"
"699","JAX00330763","8RT","12",16.978,"GG","BA","BA",FALSE,1834,"A"
"700","UNCHS033249","8RT","12",16.995,"TT","BA","BB",TRUE,1835,"A"
"701","UNCHS033250","8RT","12",16.997,"AA","BA","BB",FALSE,1836,"A"
"702","JAX00034992","8RT","12",17.012,"CC","BA","BB",FALSE,1837,"A"
"703","JAX00330791","8RT","12",17.079,"CC","BA","BB",FALSE,1838,"A"
"704","UNCHS033251","8RT","12",17.137,"TT","BA","BB",FALSE,1839,"A"
"705","UNCHS033252","8RT","12",17.14,"AA","BA","BB",FALSE,1840,"A"
"706","UNC20917226","8RT","12",17.143,"CC","BA","BB",FALSE,1841,"A"
"707","JAX00330827","8RT","12",17.175,"TT","BA","BB",FALSE,1842,"A"
"708","JAX00330833","8RT","12",17.228,"TT","BA","BB",FALSE,1843,"A"
"709","UNCHS033253","8RT","12",17.232,"AA","BA","BB",FALSE,1844,"A"
"710","UNCHS033254","8RT","12",17.235,"--","BA","BB",FALSE,1845,"A"
"711","UNCHS033255","8RT","12",17.261,"CC","BA","BB",FALSE,1846,"A"
"712","UNCHS033256","8RT","12",17.263,"GG","BA","BB",FALSE,1847,"A"
"713","UNCHS033257","8RT","12",17.265,"GG","BA","BB",FALSE,1848,"A"
"714","UNCHS033258","8RT","12",17.268,"AA","BA","BB",FALSE,1849,"A"
"715","JAX00330852","8RT","12",17.284,"TT","BA","BB",FALSE,1850,"A"
"716","JAX00330865","8RT","12",17.329,"GG","BA","BB",FALSE,1851,"A"
"717","UNC20921068","8RT","12",17.339,"GG","BA","BB",FALSE,1852,"A"
"718","UNCHS033259","8RT","12",17.443,"AA","BA","BB",FALSE,1853,"A"
"719","UNCHS033260","8RT","12",17.446,"GG","BA","BB",FALSE,1854,"A"
"720","UNC20923258","8RT","12",17.455,"GG","BA","BB",FALSE,1855,"A"
"721","JAX00035406","8RT","12",19.371,"TT","BB","BB",FALSE,2091,"B"
"722","JAX00331876","8RT","12",19.389,"GG","BB","BB",FALSE,2092,"B"
"723","UNCHS033357","8RT","12",19.408,"CC","BB","BB",FALSE,2093,"B"
"724","UNCHS033358","8RT","12",19.409,"TT","BB","BB",FALSE,2094,"B"
"725","UNC20990089","8RT","12",19.412,"CC","BB","BB",FALSE,2095,"B"
"726","UNCHS033359","8RT","12",19.428,"AA","BB","BB",FALSE,2096,"B"
"727","JAX00035425","8RT","12",19.466,"CC","BB","BB",FALSE,2097,"B"
"728","JAX00200226","8RT","12",19.473,"TT","BB","BB",FALSE,2098,"B"
"729","UNC20992579","8RT","12",19.48,"TT","BB","BB",FALSE,2099,"B"
"730","UNC20993166","8RT","12",19.506,"TT","BB","BB",FALSE,2100,"B"
"731","UNCJPD004969","8RT","12",19.586,"AA","BB","BB",FALSE,2101,"B"
"732","JAX00331968","8RT","12",19.593,"AA","BB","BB",FALSE,2102,"B"
"733","UNCHS033361","8RT","12",19.601,"AA","BB","BB",FALSE,2103,"B"
"734","UNCHS033362","8RT","12",19.604,"GG","BB","BB",FALSE,2104,"B"
"735","JAX00331977","8RT","12",19.627,"AA","BB","BB",FALSE,2105,"B"
"736","JAX00331993","8RT","12",19.718,"AA","BB","BB",FALSE,2106,"B"
"737","UNCJPD004970","8RT","12",19.748,"GG","BB","BB",FALSE,2107,"B"
"738","UNC20998296","8RT","12",19.786,"GG","BB","BB",FALSE,2108,"B"
"739","UNCJPD009568","8RT","12",19.866,"AA","BB","BB",FALSE,2109,"B"
"740","JAX00332019","8RT","12",19.871,"CC","BB","BB",FALSE,2110,"B"
"741","UNCHS033363","8RT","12",19.933,"TT","BB","AB",TRUE,2111,"B"
"742","UNCHS033364","8RT","12",19.936,"TT","BB","AB",FALSE,2112,"B"
"743","JAX00332028","8RT","12",19.949,"CC","BB","AB",FALSE,2113,"B"
"744","UNC21001414","8RT","12",20.005,"CC","BB","AB",FALSE,2114,"B"
"745","JAX00035480","8RT","12",20.029,"TT","BB","AB",FALSE,2115,"B"
"746","UNCHS033366","8RT","12",20.063,"GG","BB","AB",FALSE,2116,"B"
"747","UNC21003072","8RT","12",20.087,"CC","BB","AB",FALSE,2117,"B"
"748","UNCHS033367","8RT","12",20.109,"GG","BB","AB",FALSE,2118,"B"
"749","UNCHS033368","8RT","12",20.112,"AA","BB","AB",FALSE,2119,"B"
"750","UNC21003790","8RT","12",20.143,"CC","BB","AB",FALSE,2120,"B"
"751","UNC21004208","8RT","12",20.173,"CC","BB","AB",FALSE,2121,"B"
"752","JAX00332082","8RT","12",20.197,"CC","BB","AB",FALSE,2122,"B"
"753","UNC21004468","8RT","12",20.198,"AA","BB","AB",FALSE,2123,"B"
"754","UNC21004757","8RT","12",20.219,"CC","BB","AB",FALSE,2124,"B"
"755","UNC21005137","8RT","12",20.241,"CC","BB","AB",FALSE,2125,"B"
"756","UNCHS033369","8RT","12",20.261,"GG","BB","AB",FALSE,2126,"B"
"757","UNCHS033370","8RT","12",20.263,"CC","BB","AB",FALSE,2127,"B"
"758","UNC21005512","8RT","12",20.266,"TT","BB","AB",FALSE,2128,"B"
"759","UNCHS033371","8RT","12",20.27,"AA","BB","AB",FALSE,2129,"B"
"760","UNCHS033372","8RT","12",20.274,"CC","BB","AB",FALSE,2130,"B"
"761","UNC21005694","8RT","12",20.285,"AA","BB","AB",FALSE,2131,"B"
"762","UNC21006505","8RT","12",20.351,"CC","BB","AB",FALSE,2135,"C"
"763","JAX00332124","8RT","12",20.354,"GG","BB","AB",FALSE,2136,"C"
"764","UNCHS033373","8RT","12",20.377,"GG","BB","AB",FALSE,2137,"C"
"765","UNC21006872","8RT","12",20.379,"CC","BB","AB",FALSE,2138,"C"
"766","JAX00332131","8RT","12",20.379,"GG","BB","AB",FALSE,2139,"C"
"767","UNCHS033374","8RT","12",20.38,"CC","BB","AB",FALSE,2140,"C"
"768","UNC21007170","8RT","12",20.395,"AA","BB","AB",FALSE,2141,"C"
"769","UNCHS033375","8RT","12",20.41,"GG","BB","AB",FALSE,2142,"C"
"770","UNCJPD004972","8RT","12",20.414,"CC","BB","AB",FALSE,2143,"C"
"771","UNCHS033376","8RT","12",20.414,"GG","BB","AB",FALSE,2144,"C"
"772","UNC21007482","8RT","12",20.423,"CC","BB","AB",FALSE,2145,"C"
"773","UNC21007626","8RT","12",20.437,"GG","BB","AB",FALSE,2146,"C"
"774","UNC21007895","8RT","12",20.456,"TT","BB","AB",FALSE,2147,"C"
"775","UNC21008226","8RT","12",20.501,"AA","BB","AB",FALSE,2148,"C"
"776","JAX00332172","8RT","12",20.518,"CC","BB","AB",FALSE,2149,"C"
"777","UNC21008558","8RT","12",20.524,"AA","BB","AB",FALSE,2150,"C"
"778","UNC21009318","8RT","12",20.56,"CC","BB","AB",FALSE,2151,"C"
"779","JAX00332200","8RT","12",20.581,"TT","BB","AB",FALSE,2152,"C"
"780","sanger880","8RT","12",20.583,"AG","AB","AB",FALSE,2153,"C"
"781","sanger880q","8RT","12",20.583,"AG","AB","AB",FALSE,2154,"C"
"782","UNC21009935","8RT","12",20.592,"GG","BB","AB",TRUE,2155,"C"
"783","UNCJPD004973","8RT","12",20.606,"CC","BB","AB",FALSE,2156,"C"
"784","UNC21010145","8RT","12",20.607,"GG","BB","AB",FALSE,2157,"C"
"785","JAX00332226","8RT","12",20.633,"GG","BB","AB",FALSE,2158,"C"
"786","JAX00332228","8RT","12",20.634,"AA","BB","AB",FALSE,2159,"C"
"787","UNC21010761","8RT","12",20.634,"AA","BB","AB",FALSE,2160,"C"
"788","UNCHS033377","8RT","12",20.634,"AA","BB","AB",FALSE,2161,"C"
"789","UNCHS033378","8RT","12",20.639,"TT","BB","AB",FALSE,2162,"C"
"790","UNC21011189","8RT","12",20.662,"TT","BB","AB",FALSE,2163,"C"
"791","UNC21011774","8RT","12",20.68,"GG","BB","AB",FALSE,2164,"C"
"792","UNCHS033379","8RT","12",20.708,"TT","BB","AB",FALSE,2165,"C"
"793","UNCHS033380","8RT","12",20.708,"GG","BB","AB",FALSE,2166,"C"
"794","UNCHS033381","8RT","12",20.708,"TT","BB","AB",FALSE,2167,"C"
"795","UNCHS033382","8RT","12",20.709,"GG","BB","AB",FALSE,2168,"C"
"796","UNC21012791","8RT","12",20.711,"TT","BB","AB",FALSE,2169,"C"
"797","UNC21013333","8RT","12",20.717,"GG","BB","AB",FALSE,2170,"C"
"798","UNCHS033383","8RT","12",20.719,"TT","BB","AB",FALSE,2171,"C"
"799","UNCHS033384","8RT","12",20.72,"TT","BB","AB",FALSE,2172,"C"
"800","UNCJPD004974","8RT","12",20.72,"GG","BB","AB",FALSE,2173,"C"
"801","UNCHS033385","8RT","12",20.727,"--","BB","AB",FALSE,2174,"C"
"802","UNC21013971","8RT","12",20.728,"AA","BB","AB",FALSE,2175,"C"
"803","CEBJAX00348743","8RT","13",1.676,"TC","BA","BB",TRUE,1,"A"
"804","UNCHS034895","8RT","13",1.757,"--","BA","BB",FALSE,2,"A"
"805","UNCHS034896","8RT","13",1.759,"--","BA","BB",FALSE,3,"A"
"806","JAX00348763","8RT","13",1.777,"GG","BA","BB",FALSE,4,"A"
"807","UNCJPD008577","8RT","13",1.847,"TT","BA","BB",FALSE,5,"A"
"808","JAX00041171","8RT","13",1.915,"--","BA","BB",FALSE,6,"A"
"809","UNCJPD005202","8RT","13",1.925,"CC","BA","BB",FALSE,7,"A"
"810","UNCJPD005203","8RT","13",1.932,"TT","BA","BB",FALSE,8,"A"
"811","CEAJAX00041178","8RT","13",1.966,"CC","BB","BB",FALSE,9,"A"
"812","JAX00348792","8RT","13",1.97,"AA","BB","BB",FALSE,10,"A"
"813","UNCHS034897","8RT","13",1.978,"GG","BB","BB",FALSE,11,"A"
"814","UNCHS034898","8RT","13",1.98,"TT","BB","BB",FALSE,12,"A"
"815","JAX00348795","8RT","13",1.981,"TT","BB","BB",FALSE,13,"A"
"816","UNCHS034900","8RT","13",1.984,"CC","BB","BB",FALSE,14,"A"
"817","JAX00041181","8RT","13",1.986,"TT","BB","BB",FALSE,15,"A"
"818","UNCHS034901","8RT","13",1.987,"--","BB","BB",FALSE,16,"A"
"819","UNCHS034902","8RT","13",1.988,"CC","BB","BB",FALSE,17,"A"
"820","UNCHS034903","8RT","13",2.005,"AA","BB","BB",FALSE,18,"A"
"821","JAX00041188","8RT","13",2.039,"CC","BB","BB",FALSE,19,"A"
"822","JAX00041188r","8RT","13",2.039,"CC","BB","BB",FALSE,20,"A"
"823","JAX00348808","8RT","13",2.048,"CC","BB","BB",FALSE,21,"A"
"824","UNC23486097","8RT","13",66.89,"GG","AB","AB",FALSE,6220,"B"
"825","UNCHS037271","8RT","13",66.891,"AA","AB","AB",FALSE,6221,"B"
"826","UNCHS037273","8RT","13",66.892,"CC","AB","AB",FALSE,6222,"B"
"827","UNCHS037272","8RT","13",66.893,"AA","AB","AB",FALSE,6223,"B"
"828","UNCHS037274","8RT","13",66.894,"CC","AB","AB",FALSE,6224,"B"
"829","UNC23486219","8RT","13",66.894,"CC","AB","AB",FALSE,6225,"B"
"830","UNC23486257","8RT","13",66.896,"TT","AB","AB",FALSE,6226,"B"
"831","UNC23486372","8RT","13",66.9,"AA","AB","AB",FALSE,6227,"B"
"832","UNC23486418","8RT","13",66.903,"AA","AB","AB",FALSE,6228,"B"
"833","UNC23486543","8RT","13",66.906,"CC","AB","AB",FALSE,6229,"B"
"834","UNCHS037275","8RT","13",66.906,"CC","AB","AB",FALSE,6230,"B"
"835","UNCHS037276","8RT","13",66.909,"AA","AB","AB",FALSE,6231,"B"
"836","UNCJPD005550","8RT","13",66.909,"AA","AB","AB",FALSE,6232,"B"
"837","UNCHS037277","8RT","13",66.91,"CC","AB","AB",FALSE,6233,"B"
"838","UNC23486670","8RT","13",66.911,"GG","AB","AB",FALSE,6234,"B"
"839","UNCHS037278","8RT","13",66.912,"CC","AB","AB",FALSE,6235,"B"
"840","JAX00049618","8RT","13",66.913,"GG","AB","AB",FALSE,6236,"B"
"841","UNC23486806","8RT","13",66.916,"AA","AB","AB",FALSE,6237,"B"
"842","UNC23486835","8RT","13",66.917,"GG","AB","AB",FALSE,6238,"B"
"843","UNC23486885","8RT","13",66.921,"AA","AB","AB",FALSE,6239,"B"
"844","UNC23486988","8RT","13",66.924,"CC","AB","BB",TRUE,6240,"B"
"845","UNC23487102","8RT","13",66.928,"TT","AB","BB",FALSE,6241,"B"
"846","UNC23487164","8RT","13",66.93,"AA","AB","BB",FALSE,6242,"B"
"847","JAX00371917","8RT","13",66.931,"CC","AB","BB",FALSE,6243,"B"
"848","UNC23487348","8RT","13",66.936,"CC","AB","BB",FALSE,6244,"B"
"849","UNC23487565","8RT","13",66.942,"TT","AB","BB",FALSE,6245,"B"
"850","UNC23487643","8RT","13",66.945,"CC","AB","BB",FALSE,6246,"B"
"851","UNC23487726","8RT","13",66.951,"CC","AB","BB",FALSE,6247,"B"
"852","UNC23487894","8RT","13",66.956,"GG","AB","BB",FALSE,6248,"B"
"853","UNC23487970","8RT","13",66.959,"CC","AB","BB",FALSE,6249,"B"
"854","UNC23488039","8RT","13",66.962,"TT","AB","BB",FALSE,6250,"B"
"855","UNCHS037279","8RT","13",66.963,"AA","AB","BB",FALSE,6251,"B"
"856","UNCHS037280","8RT","13",66.964,"GG","AB","BB",FALSE,6252,"B"
"857","UNC23488113","8RT","13",66.966,"GG","AB","BB",FALSE,6253,"B"
"858","UNC23488202","8RT","13",66.969,"GG","AB","BB",FALSE,6254,"B"
"859","JAX00371929","8RT","13",66.973,"AA","AB","BB",FALSE,6255,"B"
"860","UNC23488307","8RT","13",66.974,"CC","AB","BB",FALSE,6256,"B"
"861","UNC23488360","8RT","13",66.976,"GG","AB","BB",FALSE,6257,"B"
"862","UNC23488500","8RT","13",66.981,"AA","AB","BB",FALSE,6258,"B"
"863","UNC23488534","8RT","13",66.982,"TT","AB","BB",FALSE,6259,"B"
"864","UNC23489094","8RT","13",66.999,"GG","AB","BB",FALSE,6260,"B"
"865","UNC24692519","8RT","14",56.265,"GG","AA","AA",FALSE,5406,"A"
"866","JAX00057058","8RT","14",56.269,"TT","AA","AA",FALSE,5407,"A"
"867","JAX00057060","8RT","14",56.274,"GG","AA","AA",FALSE,5408,"A"
"868","UNC24693879","8RT","14",56.276,"GG","AA","AA",FALSE,5409,"A"
"869","JAX00057061","8RT","14",56.276,"TT","AA","AA",FALSE,5410,"A"
"870","JAX00057062","8RT","14",56.276,"AA","AA","AA",FALSE,5411,"A"
"871","UNC24694816","8RT","14",56.284,"CC","AA","AA",FALSE,5412,"A"
"872","UNCHS039288","8RT","14",56.285,"CC","AA","AA",FALSE,5413,"A"
"873","JAX00389279","8RT","14",56.285,"AA","AA","AA",FALSE,5414,"A"
"874","JAX00389285","8RT","14",56.29,"AA","AA","AA",FALSE,5415,"A"
"875","JAX00057072","8RT","14",56.294,"TT","AA","AA",FALSE,5416,"A"
"876","UNCHS039289","8RT","14",56.295,"GG","AA","AA",FALSE,5417,"A"
"877","UNCHS039290","8RT","14",56.296,"GG","AA","AA",FALSE,5418,"A"
"878","UNCHS039291","8RT","14",56.302,"GG","AA","AA",FALSE,5419,"A"
"879","UNCHS039293","8RT","14",56.304,"AA","AA","AA",FALSE,5420,"A"
"880","UNCHS039294","8RT","14",56.305,"TT","AA","AA",FALSE,5421,"A"
"881","JAX00389305","8RT","14",56.305,"GG","AA","AA",FALSE,5422,"A"
"882","UNC24696776","8RT","14",56.308,"AA","AA","AA",FALSE,5423,"A"
"883","UNCJPD005870","8RT","14",56.311,"CC","AA","AA",FALSE,5424,"A"
"884","UNCJPD008322","8RT","14",56.316,"AA","AA","AA",FALSE,5425,"A"
"885","UNC24697519","8RT","14",56.319,"CC","AA","AB",TRUE,5426,"A"
"886","UNCHS039295","8RT","14",56.323,"TT","AA","AB",FALSE,5427,"A"
"887","UNCHS039296","8RT","14",56.324,"CC","AA","AB",FALSE,5428,"A"
"888","UNC24698123","8RT","14",56.327,"CC","AA","AB",FALSE,5429,"A"
"889","JAX00389340","8RT","14",56.337,"GG","AA","AB",FALSE,5430,"A"
"890","JAX00205766","8RT","14",56.341,"TT","AA","AB",FALSE,5431,"A"
"891","UNCHS039297","8RT","14",56.343,"TT","AA","AB",FALSE,5432,"A"
"892","UNC24700074","8RT","14",56.344,"TC","AB","AB",FALSE,5433,"A"
"893","UNCHS039298","8RT","14",56.344,"TC","AB","AB",FALSE,5434,"A"
"894","JAX00389354","8RT","14",56.348,"TT","AB","AB",FALSE,5435,"A"
"895","JAX00057101","8RT","14",56.349,"AC","AB","AB",FALSE,5436,"A"
"896","JAX00057101r","8RT","14",56.349,"AC","AB","AB",FALSE,5437,"A"
"897","UNC24700412","8RT","14",56.35,"TC","AB","AB",FALSE,5438,"A"
"898","UNCHS039299","8RT","14",56.364,"GG","AB","AB",FALSE,5439,"A"
"899","UNC24702108","8RT","14",56.364,"AA","AB","AB",FALSE,5440,"A"
"900","UNCHS039300","8RT","14",56.364,"AA","AB","AB",FALSE,5441,"A"
"901","UNCHS039302","8RT","14",56.371,"CC","AB","AB",FALSE,5442,"A"
"902","UNCJPD005871","8RT","14",56.384,"CC","AB","AB",FALSE,5443,"A"
"903","UNC24702734","8RT","14",56.384,"TC","AB","AB",FALSE,5444,"A"
"904","JAX00389375","8RT","14",56.392,"GG","AB","AB",FALSE,5445,"A"
"905","UNCHS039303","8RT","14",56.399,"CC","AB","AB",FALSE,5446,"A"
"906","UNCJPD005880","8RT","14",57.517,"GG","AB","AB",FALSE,5582,"B"
"907","JAX00057329","8RT","14",57.54,"AG","AB","AB",FALSE,5583,"B"
"908","UNCHS039327","8RT","14",57.54,"AG","AB","AB",FALSE,5584,"B"
"909","UNCHS039328","8RT","14",57.544,"TC","AB","AB",FALSE,5585,"B"
"910","JAX00389778","8RT","14",57.544,"AA","AB","AB",FALSE,5586,"B"
"911","JAX00389778r","8RT","14",57.544,"AA","AB","AB",FALSE,5587,"B"
"912","JAX00389796","8RT","14",57.605,"TC","AB","AB",FALSE,5588,"B"
"913","JAX00389796r","8RT","14",57.605,"TC","AB","AB",FALSE,5589,"B"
"914","UNC24753810","8RT","14",57.614,"TC","AB","AB",FALSE,5590,"B"
"915","JAX00389808","8RT","14",57.62,"CC","AB","AB",FALSE,5591,"B"
"916","UNCHS039329","8RT","14",57.632,"AG","AB","AB",FALSE,5592,"B"
"917","UNCHS039330","8RT","14",57.634,"AC","AB","AB",FALSE,5593,"B"
"918","JAX00389813","8RT","14",57.651,"AG","AB","AB",FALSE,5594,"B"
"919","UNCHS039331","8RT","14",57.657,"AG","AB","AB",FALSE,5595,"B"
"920","UNCHS039332","8RT","14",57.659,"CC","AB","AB",FALSE,5596,"B"
"921","JAX00389818","8RT","14",57.67,"TC","AB","AB",FALSE,5597,"B"
"922","UNC24755844","8RT","14",57.676,"AG","AB","AB",FALSE,5598,"B"
"923","UNC24757659","8RT","14",57.733,"TC","AB","AB",FALSE,5599,"B"
"924","JAX00389835","8RT","14",57.738,"CC","AB","AB",FALSE,5600,"B"
"925","JAX00389836","8RT","14",57.738,"TC","AB","AB",FALSE,5601,"B"
"926","sanger1389","8RT","14",57.74,"--","AA","AB",TRUE,5602,"B"
"927","sanger1389q","8RT","14",57.74,"--","AA","AB",FALSE,5603,"B"
"928","JAX00057360","8RT","14",57.757,"TC","AB","AB",FALSE,5604,"B"
"929","UNCJPD005881","8RT","14",57.767,"TT","AB","AB",FALSE,5605,"B"
"930","UNCHS039333","8RT","14",57.769,"TC","AB","AB",FALSE,5606,"B"
"931","UNCHS039334","8RT","14",57.772,"AA","AB","AB",FALSE,5607,"B"
"932","UNC24760625","8RT","14",57.804,"TC","AB","AB",FALSE,5608,"B"
"933","UNCHS039335","8RT","14",57.805,"TC","AB","AB",FALSE,5609,"B"
"934","UNCHS039336","8RT","14",57.806,"--","AB","AB",FALSE,5610,"B"
"935","JAX00057375","8RT","14",57.813,"AG","AB","AB",FALSE,5611,"B"
"936","UNC24762979","8RT","14",57.815,"TC","AB","AB",FALSE,5612,"B"
"937","JAX00389882","8RT","14",57.815,"TC","AB","AB",FALSE,5613,"B"
"938","JAX00389892","8RT","14",57.817,"GG","AB","AB",FALSE,5614,"B"
"939","JAX00389912","8RT","14",57.835,"AA","AB","AB",FALSE,5615,"B"
"940","JAX00389930","8RT","14",57.845,"CC","AB","AB",FALSE,5616,"B"
"941","UNCHS039337","8RT","14",57.847,"CC","AB","AB",FALSE,5617,"B"
"942","UNCHS039338","8RT","14",57.847,"GG","AB","AB",FALSE,5618,"B"
"943","UNC24767577","8RT","14",57.848,"CC","AB","AB",FALSE,5619,"B"
"944","JAX00389937","8RT","14",57.849,"CC","AB","AB",FALSE,5620,"B"
"945","JAX00389937q","8RT","14",57.849,"CC","AB","AB",FALSE,5621,"B"
"946","UNCJPD005882","8RT","14",57.852,"TT","AB","AB",FALSE,5622,"B"
"947","UNCHS039529","8RT","15",1.67,"AC","AB","BA",TRUE,1,"A"
"948","UNCHS039530","8RT","15",1.674,"AA","AB","BA",FALSE,2,"A"
"949","JAX00206151","8RT","15",1.674,"GG","AB","BA",FALSE,3,"A"
"950","JAX00392005","8RT","15",1.702,"CC","AB","BA",FALSE,4,"A"
"951","JAX00058358","8RT","15",1.721,"GG","AB","BA",FALSE,5,"A"
"952","JAX00058360","8RT","15",1.742,"CC","AB","BA",FALSE,6,"A"
"953","JAX00058360r","8RT","15",1.742,"CC","AB","BA",FALSE,7,"A"
"954","UNCHS039531","8RT","15",1.763,"CC","AB","BA",FALSE,8,"A"
"955","UNCHS039532","8RT","15",1.766,"GG","AB","BA",FALSE,9,"A"
"956","JAX00058366","8RT","15",1.781,"CC","AB","BA",FALSE,10,"A"
"957","UNCJPD008218","8RT","15",1.796,"GG","AB","BA",FALSE,11,"A"
"958","UNC24946125","8RT","15",1.8,"AG","AB","BA",FALSE,12,"A"
"959","JAX00392041","8RT","15",1.835,"AG","AB","BA",FALSE,13,"A"
"960","JAX00058379","8RT","15",1.849,"AG","AB","BA",FALSE,14,"A"
"961","JAX00058384","8RT","15",1.86,"AC","AB","BA",FALSE,15,"A"
"962","JAX00058385","8RT","15",1.86,"TC","AB","BA",FALSE,16,"A"
"963","JAX00392071","8RT","15",1.862,"AA","AB","BA",FALSE,17,"A"
"964","JAX00392074","8RT","15",1.864,"GG","AB","BA",FALSE,18,"A"
"965","JAX00392076","8RT","15",1.865,"AG","AB","BA",FALSE,19,"A"
"966","UNC24948173","8RT","15",1.866,"AG","AB","BA",FALSE,20,"A"
"967","UNCHS039533","8RT","15",1.868,"AA","AB","BA",FALSE,21,"A"
"968","UNCHS042576","8RT","16",27.814,"GG","AA","AA",FALSE,2338,"A"
"969","UNC26692106","8RT","16",27.814,"TT","AA","AA",FALSE,2339,"A"
"970","UNC26692112","8RT","16",27.814,"CC","AA","AA",FALSE,2340,"A"
"971","UNC26692119","8RT","16",27.815,"GG","AA","AA",FALSE,2341,"A"
"972","UNC26692132","8RT","16",27.816,"GG","AA","AA",FALSE,2342,"A"
"973","UNC26692153","8RT","16",27.817,"GG","AA","AA",FALSE,2343,"A"
"974","UNC26692168","8RT","16",27.818,"GG","AA","AA",FALSE,2344,"A"
"975","UNC26692189","8RT","16",27.818,"AA","AA","AA",FALSE,2345,"A"
"976","UNC26692215","8RT","16",27.819,"GG","AA","AA",FALSE,2346,"A"
"977","UNC26692233","8RT","16",27.82,"AA","AA","AA",FALSE,2347,"A"
"978","UNC26692260","8RT","16",27.821,"TT","AA","AA",FALSE,2348,"A"
"979","UNC26692277","8RT","16",27.821,"GG","AA","AA",FALSE,2349,"A"
"980","UNCHS042577","8RT","16",27.828,"AA","AA","AA",FALSE,2350,"A"
"981","UNCHS042578","8RT","16",27.829,"CC","AA","AA",FALSE,2351,"A"
"982","UNCHS042579","8RT","16",27.829,"CC","AA","AA",FALSE,2352,"A"
"983","UNCHS042580","8RT","16",27.83,"TT","AA","AA",FALSE,2353,"A"
"984","UNC26692599","8RT","16",27.836,"CC","AA","AA",FALSE,2354,"A"
"985","UNCHS042582","8RT","16",27.879,"GG","AA","AA",FALSE,2355,"A"
"986","UNCHS042583","8RT","16",27.88,"TT","AA","AA",FALSE,2356,"A"
"987","UNCHS042584","8RT","16",27.883,"CC","AA","AA",FALSE,2357,"A"
"988","UNC26693650","8RT","16",27.919,"GG","AA","AB",TRUE,2358,"A"
"989","sanger1652","8RT","16",27.948,"TC","AA","AB",FALSE,2359,"A"
"990","sanger1652q","8RT","16",27.948,"TC","AA","AB",FALSE,2360,"A"
"991","UNC26694004","8RT","16",27.949,"AA","AA","AB",FALSE,2361,"A"
"992","UNCJPD008983","8RT","16",27.964,"CC","AA","AB",FALSE,2362,"A"
"993","JAX00068678","8RT","16",27.98,"GG","AA","AB",FALSE,2363,"A"
"994","UNCJPD006338","8RT","16",27.98,"TT","AA","AB",FALSE,2364,"A"
"995","JAX00418763","8RT","16",28.006,"AA","AA","AB",FALSE,2365,"A"
"996","UNC26694891","8RT","16",28.007,"CC","AA","AB",FALSE,2366,"A"
"997","JAX00068687","8RT","16",28.036,"AA","AA","AB",FALSE,2367,"A"
"998","UNCHS042586","8RT","16",28.037,"CC","AA","AB",FALSE,2368,"A"
"999","UNC26695686","8RT","16",28.04,"TT","AA","AA",FALSE,2369,"A"
"1000","UNCJPD006339","8RT","16",28.063,"GG","AA","AA",FALSE,2370,"A"
"1001","UNC26696559","8RT","16",28.074,"CC","AA","AA",FALSE,2371,"A"
"1002","JAX00068698","8RT","16",28.085,"AA","AA","AA",FALSE,2372,"A"
"1003","UNCHS042587","8RT","16",28.093,"AA","AA","AA",FALSE,2373,"A"
"1004","UNC26697443","8RT","16",28.101,"TT","AA","AA",FALSE,2374,"A"
"1005","UNCJPD009450","8RT","16",28.123,"AA","AA","AA",FALSE,2375,"A"
"1006","JAX00418808","8RT","16",28.132,"TT","AA","AA",FALSE,2376,"A"
"1007","UNCHS042589","8RT","16",28.149,"AA","AA","AA",FALSE,2377,"A"
"1008","UNCHS042590","8RT","16",28.151,"GG","AA","AA",FALSE,2378,"A"
"1009","UNC27459913","8RT","16",56.795,"AA","AA","AA",FALSE,4996,"B"
"1010","UNCHS043425","8RT","16",56.804,"TT","AA","AA",FALSE,4997,"B"
"1011","UNCHS043426","8RT","16",56.806,"CC","AA","AA",FALSE,4998,"B"
"1012","UNC27460149","8RT","16",56.807,"TT","AA","AA",FALSE,4999,"B"
"1013","UNC27460674","8RT","16",56.823,"TT","AA","AA",FALSE,5000,"B"
"1014","UNCJPD006505","8RT","16",56.826,"--","AA","AA",FALSE,5001,"B"
"1015","JAX00072810","8RT","16",56.827,"GG","AA","AA",FALSE,5002,"B"
"1016","UNC27460894","8RT","16",56.831,"GG","AA","AA",FALSE,5003,"B"
"1017","UNC27461531","8RT","16",56.854,"GG","AA","AA",FALSE,5004,"B"
"1018","UNC27461698","8RT","16",56.862,"GG","AA","AA",FALSE,5005,"B"
"1019","UNC27462031","8RT","16",56.873,"AA","AA","AA",FALSE,5006,"B"
"1020","UNC27462398","8RT","16",56.888,"TT","AA","AA",FALSE,5007,"B"
"1021","UNC27462542","8RT","16",56.895,"CC","AA","AA",FALSE,5008,"B"
"1022","UNCHS043427","8RT","16",56.899,"AA","AA","AA",FALSE,5009,"B"
"1023","UNC27462704","8RT","16",56.904,"GG","AA","AA",FALSE,5010,"B"
"1024","UNCHS043429","8RT","16",56.905,"GG","AA","AA",FALSE,5011,"B"
"1025","UNC27462734","8RT","16",56.905,"AA","AA","AA",FALSE,5012,"B"
"1026","UNC27462767","8RT","16",56.906,"TT","AA","AA",FALSE,5013,"B"
"1027","UNC27462789","8RT","16",56.907,"AA","AA","AA",FALSE,5014,"B"
"1028","UNC27462831","8RT","16",56.908,"CC","AA","AA",FALSE,5015,"B"
"1029","UNCHS043430","8RT","16",56.909,"GG","AA","AB",TRUE,5016,"B"
"1030","UNC27462942","8RT","16",56.911,"TC","AB","AB",FALSE,5017,"B"
"1031","UNC27462990","8RT","16",56.912,"TC","AB","AB",FALSE,5018,"B"
"1032","UNC27463028","8RT","16",56.913,"AG","AB","AB",FALSE,5019,"B"
"1033","UNC27463044","8RT","16",56.913,"AC","AB","AB",FALSE,5020,"B"
"1034","UNC27463073","8RT","16",56.914,"TC","AB","AB",FALSE,5021,"B"
"1035","UNC27463136","8RT","16",56.915,"CC","AB","AB",FALSE,5022,"B"
"1036","UNC27463206","8RT","16",56.917,"TG","AB","AB",FALSE,5023,"B"
"1037","UNCHS043431","8RT","16",56.917,"AG","AB","AB",FALSE,5024,"B"
"1038","UNC27463246","8RT","16",56.918,"TT","AB","AB",FALSE,5025,"B"
"1039","UNCHS043432","8RT","16",56.918,"TT","AB","AB",FALSE,5026,"B"
"1040","UNC27463478","8RT","16",56.923,"TC","AB","AB",FALSE,5027,"B"
"1041","UNCHS043433","8RT","16",56.924,"TC","AB","AB",FALSE,5028,"B"
"1042","UNCHS043434","8RT","16",56.925,"AA","AB","AB",FALSE,5029,"B"
"1043","UNCJPD006506","8RT","16",56.927,"--","AB","AB",FALSE,5030,"B"
"1044","UNCHS043435","8RT","16",56.93,"AA","AB","AB",FALSE,5031,"B"
"1045","UNCHS043436","8RT","16",56.93,"GG","AB","AB",FALSE,5032,"B"
"1046","UNC27463871","8RT","16",56.931,"GG","AB","AB",FALSE,5033,"B"
"1047","UNCHS043437","8RT","16",56.938,"CC","AB","AB",FALSE,5034,"B"
"1048","UNC27464124","8RT","16",56.939,"CC","AB","AB",FALSE,5035,"B"
"1049","UNCHS043438","8RT","16",56.94,"CC","AB","AB",FALSE,5036,"B"
"1050","UNC28482188","8RT","17",52.592,"TT","AA","AA",FALSE,4602,"A"
"1051","UNCHS045077","8RT","17",52.598,"AA","AA","AA",FALSE,4603,"A"
"1052","UNCHS045078","8RT","17",52.612,"TT","AA","AA",FALSE,4604,"A"
"1053","JAX00448418","8RT","17",52.617,"AA","AA","AA",FALSE,4605,"A"
"1054","UNC28482477","8RT","17",52.619,"TT","AA","AA",FALSE,4606,"A"
"1055","UNC28483049","8RT","17",52.675,"CC","AA","AA",FALSE,4607,"A"
"1056","UNCHS045079","8RT","17",52.739,"AA","AA","AA",FALSE,4608,"A"
"1057","UNC28483727","8RT","17",52.74,"TT","AA","AA",FALSE,4609,"A"
"1058","UNCHS045080","8RT","17",52.743,"AA","AA","AA",FALSE,4610,"A"
"1059","JAX00448434","8RT","17",52.748,"GG","AA","AA",FALSE,4611,"A"
"1060","UNCJPD006755","8RT","17",52.749,"AA","AA","AA",FALSE,4612,"A"
"1061","UNC28483949","8RT","17",52.784,"AA","AA","AA",FALSE,4613,"A"
"1062","UNCHS045081","8RT","17",52.811,"CC","AA","AA",FALSE,4614,"A"
"1063","UNCHS045082","8RT","17",52.82,"GG","AA","AA",FALSE,4615,"A"
"1064","JAX00078882","8RT","17",52.827,"TT","AA","AA",FALSE,4616,"A"
"1065","UNC28484128","8RT","17",52.83,"TT","AA","AA",FALSE,4617,"A"
"1066","UNC28484389","8RT","17",52.988,"AA","AA","AA",FALSE,4618,"A"
"1067","UNC28484671","8RT","17",53.161,"TT","AA","AA",FALSE,4619,"A"
"1068","JAX00448452","8RT","17",53.216,"GG","AA","AA",FALSE,4620,"A"
"1069","UNC28485027","8RT","17",53.286,"GG","AA","AA",FALSE,4621,"A"
"1070","UNC28485829","8RT","17",53.567,"GG","AA","AB",TRUE,4622,"A"
"1071","sanger1887","8RT","17",53.768,"AG","AA","AB",FALSE,4623,"A"
"1072","sanger1887q","8RT","17",53.768,"AG","AA","AB",FALSE,4624,"A"
"1073","UNCHS045085","8RT","17",53.917,"GG","AA","AB",FALSE,4625,"A"
"1074","UNCHS045086","8RT","17",53.933,"TT","AA","AB",FALSE,4626,"A"
"1075","JAX00078898","8RT","17",54.05,"TT","AA","AB",FALSE,4627,"A"
"1076","UNC28486974","8RT","17",54.056,"TT","AA","AB",FALSE,4628,"A"
"1077","UNCJPD006756","8RT","17",54.29,"CC","AA","AA",FALSE,4629,"A"
"1078","UNC28487896","8RT","17",54.344,"TT","AA","AA",FALSE,4630,"A"
"1079","UNCHS045087","8RT","17",54.425,"CC","AA","AA",FALSE,4631,"A"
"1080","UNCHS045088","8RT","17",54.441,"CC","AA","AA",FALSE,4632,"A"
"1081","UNC28488345","8RT","17",54.523,"TT","AA","AA",FALSE,4633,"A"
"1082","UNCHS045089","8RT","17",54.523,"TT","AA","AA",FALSE,4634,"A"
"1083","UNCHS045090","8RT","17",54.538,"AA","AA","AA",FALSE,4635,"A"
"1084","UNCHS045091","8RT","17",54.625,"AA","AA","AA",FALSE,4636,"A"
"1085","UNCHS045092","8RT","17",54.664,"CC","AA","AA",FALSE,4637,"A"
"1086","UNC28488936","8RT","17",54.729,"TT","AA","AA",FALSE,4638,"A"
"1087","UNC28489371","8RT","17",54.843,"AA","AA","AA",FALSE,4639,"A"
"1088","UNC28490482","8RT","17",54.861,"GG","AA","AA",FALSE,4640,"A"
"1089","UNC28490819","8RT","17",54.865,"GG","AA","AA",FALSE,4641,"A"
"1090","UNCHS045093","8RT","17",54.871,"CC","AA","AA",FALSE,4642,"A"
"1091","UNCJPD008069","8RT","18",1.972,"TT","BA","AB",TRUE,1,"A"
"1092","UNCJPD006793","8RT","18",1.983,"--","BA","AB",FALSE,2,"A"
"1093","JAX00450675","8RT","18",2.096,"AA","BA","AB",FALSE,3,"A"
"1094","CEAJAX00450682","8RT","18",2.141,"TT","BA","AB",FALSE,4,"A"
"1095","CEBJAX00450682","8RT","18",2.141,"TT","BA","AB",FALSE,5,"A"
"1096","CEAJAX00450688","8RT","18",2.166,"AA","BA","AB",FALSE,6,"A"
"1097","JAX00450688","8RT","18",2.166,"AA","BA","AB",FALSE,7,"A"
"1098","UNCHS045299","8RT","18",2.177,"CC","BA","AB",FALSE,8,"A"
"1099","UNCHS045300","8RT","18",2.18,"AA","BA","AB",FALSE,9,"A"
"1100","JAX00079769","8RT","18",2.238,"GG","BA","AB",FALSE,10,"A"
"1101","UNCHS045301","8RT","18",2.26,"--","BA","AB",FALSE,11,"A"
"1102","UNCHS045302","8RT","18",2.266,"AA","BA","AB",FALSE,12,"A"
"1103","JAX00079772","8RT","18",2.268,"CC","BA","AB",FALSE,13,"A"
"1104","UNCJPD008496","8RT","18",2.305,"GG","BA","AB",FALSE,14,"A"
"1105","JAX00079786","8RT","18",2.353,"TT","BA","AB",FALSE,15,"A"
"1106","ICR940","8RT","18",2.357,"GG","BA","AB",FALSE,16,"A"
"1107","ICR941","8RT","18",2.38,"GG","BA","AB",FALSE,17,"A"
"1108","ICR4941","8RT","18",2.391,"GG","BA","AB",FALSE,18,"A"
"1109","UNCHS045303","8RT","18",2.395,"AA","BA","AB",FALSE,19,"A"
"1110","UNCHS044798","8RT","18",2.396,"GG","BA","AB",FALSE,20,"A"
"1111","ICR942","8RT","18",2.405,"CC","BA","AB",FALSE,21,"A"
"1112","UNCHS046597","8RT","18",40.069,"TC","AB","AB",FALSE,3435,"B"
"1113","UNCHS046598","8RT","18",40.07,"AA","AB","AB",FALSE,3436,"B"
"1114","UNC29499181","8RT","18",40.074,"CC","AB","AB",FALSE,3437,"B"
"1115","UNCHS046599","8RT","18",40.089,"TC","AB","AB",FALSE,3438,"B"
"1116","UNCHS046601","8RT","18",40.091,"AA","AB","AB",FALSE,3439,"B"
"1117","UNCHS046600","8RT","18",40.091,"TG","AB","AB",FALSE,3440,"B"
"1118","UNCHS046602","8RT","18",40.092,"GG","AB","AB",FALSE,3441,"B"
"1119","UNC29500011","8RT","18",40.096,"TC","AB","AB",FALSE,3442,"B"
"1120","UNCHS046603","8RT","18",40.096,"TC","AB","AB",FALSE,3443,"B"
"1121","UNCHS046604","8RT","18",40.097,"GG","AB","AB",FALSE,3444,"B"
"1122","UNC29500627","8RT","18",40.106,"TT","AB","AB",FALSE,3445,"B"
"1123","UNCHS046605","8RT","18",40.122,"TC","AB","AB",FALSE,3446,"B"
"1124","UNCHS046606","8RT","18",40.122,"AG","AB","AB",FALSE,3447,"B"
"1125","UNC29501902","8RT","18",40.13,"GG","AB","AB",FALSE,3448,"B"
"1126","UNC29502380","8RT","18",40.139,"TG","AB","AB",FALSE,3449,"B"
"1127","UNC29503085","8RT","18",40.368,"TT","AB","AB",FALSE,3450,"B"
"1128","JAX00084621","8RT","18",40.508,"CC","AB","AB",FALSE,3451,"B"
"1129","UNC29504020","8RT","18",40.646,"GG","AB","AB",FALSE,3452,"B"
"1130","UNC29504733","8RT","18",40.839,"TG","AB","AB",FALSE,3453,"B"
"1131","UNCHS046607","8RT","18",40.958,"AG","AB","AB",FALSE,3454,"B"
"1132","UNCHS046608","8RT","18",40.97,"CC","BB","AB",TRUE,3455,"B"
"1133","UNCHS046609","8RT","18",41.005,"CC","BB","AB",FALSE,3456,"B"
"1134","UNCHS046610","8RT","18",41.018,"CC","BB","BB",FALSE,3457,"B"
"1135","UNC29505651","8RT","18",41.037,"GG","BB","BB",FALSE,3458,"B"
"1136","UNC29505806","8RT","18",41.067,"TT","BB","BB",FALSE,3459,"B"
"1137","UNCHS046611","8RT","18",41.109,"CC","BB","BB",FALSE,3460,"B"
"1138","UNCHS046612","8RT","18",41.124,"CC","BB","BB",FALSE,3461,"B"
"1139","UNC29506315","8RT","18",41.19,"TT","BB","BB",FALSE,3462,"B"
"1140","UNC29506536","8RT","18",41.258,"CC","BB","BB",FALSE,3463,"B"
"1141","UNC29507122","8RT","18",41.443,"GG","BB","BB",FALSE,3464,"B"
"1142","UNC29507522","8RT","18",41.554,"GG","BB","BB",FALSE,3465,"B"
"1143","UNCHS046613","8RT","18",41.621,"GG","BB","BB",FALSE,3466,"B"
"1144","UNCHS046614","8RT","18",41.635,"AA","BB","BB",FALSE,3467,"B"
"1145","UNC29507794","8RT","18",41.65,"TT","BB","BB",FALSE,3468,"B"
"1146","UNC29508118","8RT","18",41.78,"TT","BB","BB",FALSE,3469,"B"
"1147","UNC29508356","8RT","18",41.868,"AA","BB","BB",FALSE,3470,"B"
"1148","UNCJPD009618","8RT","18",42.007,"--","AB","BB",TRUE,3471,"B"
"1149","UNC29508663","8RT","18",42.013,"GG","BB","BB",FALSE,3472,"B"
"1150","UNC29508829","8RT","18",42.048,"AA","BB","BB",FALSE,3473,"B"
"1151","UNC29509493","8RT","18",42.269,"TT","BB","BB",FALSE,3474,"B"
"1152","UNCJPD006988","8RT","18",42.355,"--","BB","BB",FALSE,3475,"B"
"1153","JAX00084621","8RT","18",40.508,"CC","AB","AB",FALSE,3451,"B"
"1154","UNC29504020","8RT","18",40.646,"GG","AB","AB",FALSE,3452,"B"
"1155","UNC29504733","8RT","18",40.839,"TG","AB","AB",FALSE,3453,"B"
"1156","UNCHS046607","8RT","18",40.958,"AG","AB","AB",FALSE,3454,"B"
"1157","UNCHS046608","8RT","18",40.97,"CC","BB","AB",TRUE,3455,"B"
"1158","UNCHS046609","8RT","18",41.005,"CC","BB","AB",FALSE,3456,"B"
"1159","UNCHS046610","8RT","18",41.018,"CC","BB","BB",FALSE,3457,"B"
"1160","UNC29505651","8RT","18",41.037,"GG","BB","BB",FALSE,3458,"B"
"1161","UNC29505806","8RT","18",41.067,"TT","BB","BB",FALSE,3459,"B"
"1162","UNCHS046611","8RT","18",41.109,"CC","BB","BB",FALSE,3460,"B"
"1163","UNCHS046612","8RT","18",41.124,"CC","BB","BB",FALSE,3461,"B"
"1164","UNC29506315","8RT","18",41.19,"TT","BB","BB",FALSE,3462,"B"
"1165","UNC29506536","8RT","18",41.258,"CC","BB","BB",FALSE,3463,"B"
"1166","UNC29507122","8RT","18",41.443,"GG","BB","BB",FALSE,3464,"B"
"1167","UNC29507522","8RT","18",41.554,"GG","BB","BB",FALSE,3465,"B"
"1168","UNCHS046613","8RT","18",41.621,"GG","BB","BB",FALSE,3466,"B"
"1169","UNCHS046614","8RT","18",41.635,"AA","BB","BB",FALSE,3467,"B"
"1170","UNC29507794","8RT","18",41.65,"TT","BB","BB",FALSE,3468,"B"
"1171","UNC29508118","8RT","18",41.78,"TT","BB","BB",FALSE,3469,"B"
"1172","UNC29508356","8RT","18",41.868,"AA","BB","BB",FALSE,3470,"B"
"1173","UNCJPD009618","8RT","18",42.007,"--","AB","BB",TRUE,3471,"B"
"1174","UNC29508663","8RT","18",42.013,"GG","BB","BB",FALSE,3472,"B"
"1175","UNC29508829","8RT","18",42.048,"AA","BB","BB",FALSE,3473,"B"
"1176","UNC29509493","8RT","18",42.269,"TT","BB","BB",FALSE,3474,"B"
"1177","UNCJPD006988","8RT","18",42.355,"--","BB","BB",FALSE,3475,"B"
"1178","UNC29510212","8RT","18",42.515,"TT","BB","BB",FALSE,3476,"B"
"1179","UNC29510314","8RT","18",42.54,"TT","BB","BB",FALSE,3477,"B"
"1180","JAX00084655","8RT","18",42.555,"TT","BB","BB",FALSE,3478,"B"
"1181","UNC29510602","8RT","18",42.555,"AA","BB","BB",FALSE,3479,"B"
"1182","UNCJPD007752","8RT","18",42.558,"CC","BB","BB",FALSE,3480,"B"
"1183","UNC29510993","8RT","18",42.559,"AA","BB","BB",FALSE,3481,"B"
"1184","UNC29511249","8RT","18",42.561,"CC","BB","BB",FALSE,3482,"B"
"1185","UNCHS046615","8RT","18",42.563,"CC","BB","BB",FALSE,3483,"B"
"1186","UNCHS046616","8RT","18",42.563,"AA","BB","BB",FALSE,3484,"B"
"1187","UNC29511779","8RT","18",42.565,"AA","BB","BB",FALSE,3485,"B"
"1188","UNC29512042","8RT","18",42.567,"GG","BB","BB",FALSE,3486,"B"
"1189","UNCHS046617","8RT","18",42.568,"AA","BB","BB",FALSE,3487,"B"
"1190","UNCHS046618","8RT","18",42.569,"CC","BB","BB",FALSE,3488,"B"
"1191","UNC29512325","8RT","18",42.57,"TT","BB","BB",FALSE,3489,"B"
"1192","UNC29512775","8RT","18",42.574,"TT","BB","BB",FALSE,3490,"B"
"1193","JAX00463503","8RT","18",42.574,"AA","BB","BB",FALSE,3491,"B"
"1194","UNCHS047027","8RT","18",59.363,"TT","BB","BB",FALSE,4773,"C"
"1195","UNCHS047028","8RT","18",59.365,"GG","BB","BB",FALSE,4774,"C"
"1196","JAX00468848","8RT","18",59.383,"CC","BB","BB",FALSE,4775,"C"
"1197","UNC29821959","8RT","18",59.411,"--","BB","BB",FALSE,4776,"C"
"1198","JAX00086263","8RT","18",59.428,"CC","BB","BB",FALSE,4777,"C"
"1199","UNCJPD007053","8RT","18",59.47,"TT","BB","BB",FALSE,4778,"C"
"1200","UNCHS047029","8RT","18",59.491,"CC","BB","BB",FALSE,4779,"C"
"1201","UNCHS047030","8RT","18",59.494,"AA","BB","BB",FALSE,4780,"C"
"1202","JAX00468866","8RT","18",59.543,"AA","BB","BB",FALSE,4781,"C"
"1203","UNCHS047031","8RT","18",59.576,"AA","BB","BB",FALSE,4782,"C"
"1204","UNCHS047032","8RT","18",59.577,"AA","BB","BB",FALSE,4783,"C"
"1205","JAX00468877","8RT","18",59.599,"AA","BB","BB",FALSE,4784,"C"
"1206","JAX00086279","8RT","18",59.604,"GG","BB","BB",FALSE,4785,"C"
"1207","UNC29823510","8RT","18",59.636,"AA","BB","BB",FALSE,4786,"C"
"1208","UNCHS047033","8RT","18",59.638,"AA","BB","BB",FALSE,4787,"C"
"1209","UNCHS047034","8RT","18",59.641,"--","BB","BB",FALSE,4788,"C"
"1210","UNC29824005","8RT","18",59.704,"AA","BB","BB",FALSE,4789,"C"
"1211","UNC29824236","8RT","18",59.732,"AA","BB","BB",FALSE,4790,"C"
"1212","UNCJPD007055","8RT","18",59.733,"GG","BB","BB",FALSE,4791,"C"
"1213","UNCJPD008906","8RT","18",59.736,"AA","BB","BB",FALSE,4792,"C"
"1214","sanger1948","8RT","18",75.625,"--","AB","BB",TRUE,4793,"C"
"1215","UNCHS047036","8RT","19",2.95,"GG","BA","AB",TRUE,1,"A"
"1216","UNCJPD007057","8RT","19",2.981,"TT","BA","AB",FALSE,2,"A"
"1217","UNCHS046546","8RT","19",2.998,"TT","BA","AB",FALSE,3,"A"
"1218","UNCHS047038","8RT","19",3.008,"CC","BA","AB",FALSE,4,"A"
"1219","JAX00468911","8RT","19",3.029,"GG","BA","AB",FALSE,5,"A"
"1220","UNCHS047039","8RT","19",3.097,"AA","BA","AB",FALSE,6,"A"
"1221","UNCHS047040","8RT","19",3.099,"GG","BA","AB",FALSE,7,"A"
"1222","JAX00468938","8RT","19",3.129,"CC","BA","AB",FALSE,8,"A"
"1223","UNCHS047041","8RT","19",3.155,"TT","BA","AB",FALSE,9,"A"
"1224","UNCHS047043","8RT","19",3.158,"GG","BA","AB",FALSE,10,"A"
"1225","UNCHS047042","8RT","19",3.159,"AA","BA","AB",FALSE,11,"A"
"1226","UNCHS047044","8RT","19",3.163,"GG","BA","AB",FALSE,12,"A"
"1227","JAX00468958","8RT","19",3.231,"CC","BA","AB",FALSE,13,"A"
"1228","B6_rs30503185","8RT","19",3.24,"CG","BA","AB",FALSE,14,"A"
"1229","JAX00468967","8RT","19",3.273,"AA","BA","AB",FALSE,15,"A"
"1230","UNCHS047045","8RT","19",3.353,"CC","BA","AB",FALSE,16,"A"
"1231","UNCHS047046","8RT","19",3.356,"AA","BA","AB",FALSE,17,"A"
"1232","JAX00468987","8RT","19",3.368,"AA","BA","AB",FALSE,18,"A"
"1233","UNC29827168","8RT","19",3.376,"CC","BA","AB",FALSE,19,"A"
"1234","UNCHS047047","8RT","19",3.377,"AA","BA","AB",FALSE,20,"A"
"1235","UNCHS047049","8RT","19",3.377,"TT","BA","AB",FALSE,21,"A"
"1236","UNC30157346","8RT","19",23.074,"--","AA","AA",FALSE,1368,"B"
"1237","UNCHS047505","8RT","19",23.074,"AA","AA","AA",FALSE,1369,"B"
"1238","UNCHS047506","8RT","19",23.076,"CC","AA","AA",FALSE,1370,"B"
"1239","UNC30157501","8RT","19",23.087,"AA","AA","AA",FALSE,1371,"B"
"1240","UNC30157819","8RT","19",23.108,"GG","AA","AA",FALSE,1372,"B"
"1241","UNCHS047507","8RT","19",23.119,"CC","AA","AA",FALSE,1373,"B"
"1242","UNCHS047508","8RT","19",23.122,"AA","AA","AA",FALSE,1374,"B"
"1243","UNC30158032","8RT","19",23.124,"GG","AA","AA",FALSE,1375,"B"
"1244","UNC30158253","8RT","19",23.14,"GG","AA","AA",FALSE,1376,"B"
"1245","UNC30158696","8RT","19",23.171,"TT","AA","AA",FALSE,1377,"B"
"1246","UNC30159017","8RT","19",23.195,"AA","AA","AA",FALSE,1378,"B"
"1247","JAX00475080","8RT","19",23.196,"GG","AA","AA",FALSE,1379,"B"
"1248","JAX00475087","8RT","19",23.206,"GG","AA","AA",FALSE,1380,"B"
"1249","UNC30159169","8RT","19",23.211,"CC","AA","AA",FALSE,1381,"B"
"1250","UNC30159358","8RT","19",23.228,"GG","AA","AA",FALSE,1382,"B"
"1251","UNC30159560","8RT","19",23.246,"CC","AA","AA",FALSE,1383,"B"
"1252","UNC30159856","8RT","19",23.264,"AA","AA","AA",FALSE,1384,"B"
"1253","UNCJPD007133","8RT","19",23.268,"AA","AA","AA",FALSE,1385,"B"
"1254","UNCHS047509","8RT","19",23.27,"TT","AA","AA",FALSE,1386,"B"
"1255","UNCHS047510","8RT","19",23.273,"TG","AA","AA",FALSE,1387,"B"
"1256","UNC30160193","8RT","19",23.283,"--","AB","AA",TRUE,1388,"B"
"1257","UNC30160474","8RT","19",23.298,"CC","AB","AA",FALSE,1389,"B"
"1258","UNCHS047512","8RT","19",23.331,"GG","AB","AB",FALSE,1390,"B"
"1259","UNCHS047513","8RT","19",23.335,"TT","AB","AB",FALSE,1391,"B"
"1260","UNC30161048","8RT","19",23.337,"CC","AB","AB",FALSE,1392,"B"
"1261","UNC30161592","8RT","19",23.359,"AC","AB","AB",FALSE,1393,"B"
"1262","JAX00475132","8RT","19",23.377,"TC","AB","AB",FALSE,1394,"B"
"1263","UNC30161918","8RT","19",23.377,"AG","AB","AB",FALSE,1395,"B"
"1264","JAX00088205","8RT","19",23.399,"TG","AB","AB",FALSE,1396,"B"
"1265","UNCJPD008396","8RT","19",23.416,"CC","AB","AB",FALSE,1397,"B"
"1266","UNC30162622","8RT","19",23.425,"AC","AB","AB",FALSE,1398,"B"
"1267","JAX00475144","8RT","19",23.437,"AA","AB","AB",FALSE,1399,"B"
"1268","JAX00088209","8RT","19",23.44,"AG","AB","AB",FALSE,1400,"B"
"1269","UNC30162928","8RT","19",23.449,"AG","AB","AB",FALSE,1401,"B"
"1270","JAX00475156","8RT","19",23.468,"TT","AB","AB",FALSE,1402,"B"
"1271","UNC30163486","8RT","19",23.496,"TT","AB","AB",FALSE,1403,"B"
"1272","UNCHS047515","8RT","19",23.499,"CC","AB","AB",FALSE,1404,"B"
"1273","UNCHS047516","8RT","19",23.505,"TC","AB","AB",FALSE,1405,"B"
"1274","UNC30163725","8RT","19",23.516,"AG","AB","AB",FALSE,1406,"B"
"1275","UNC30164169","8RT","19",23.557,"AG","AB","AB",FALSE,1407,"B"
"1276","UNCHS047517","8RT","19",23.579,"AA","AB","AB",FALSE,1408,"B"
"1277","UNC31135325","8RT","X",43.332,"TT","ANA","ANA",FALSE,2975,"A"
"1278","JAX00182469","8RT","X",43.334,"CC","ANA","ANA",FALSE,2976,"A"
"1279","UNCHS049046","8RT","X",43.349,"GG","ANA","ANA",FALSE,2977,"A"
"1280","UNC31135735","8RT","X",43.357,"AA","ANA","ANA",FALSE,2978,"A"
"1281","JAX00716379","8RT","X",43.395,"CC","ANA","ANA",FALSE,2979,"A"
"1282","UNC31136405","8RT","X",43.395,"CC","ANA","ANA",FALSE,2980,"A"
"1283","JAX00716391","8RT","X",43.426,"TT","ANA","ANA",FALSE,2981,"A"
"1284","UNC31137375","8RT","X",43.442,"GG","ANA","ANA",FALSE,2982,"A"
"1285","JAX00716395","8RT","X",43.453,"TT","ANA","ANA",FALSE,2983,"A"
"1286","UNCHS049047","8RT","X",43.456,"GG","ANA","ANA",FALSE,2984,"A"
"1287","UNCHS049048","8RT","X",43.458,"TT","ANA","ANA",FALSE,2985,"A"
"1288","UNC31138001","8RT","X",43.479,"GG","ANA","ANA",FALSE,2986,"A"
"1289","JAX00182496","8RT","X",43.484,"CC","ANA","ANA",FALSE,2987,"A"
"1290","UNC31138563","8RT","X",43.527,"TT","ANA","ANA",FALSE,2988,"A"
"1291","JAX00716414","8RT","X",43.541,"AA","ANA","ANA",FALSE,2989,"A"
"1292","UNCHS049049","8RT","X",43.543,"AA","ANA","ANA",FALSE,2990,"A"
"1293","UNCHS049050","8RT","X",43.545,"AA","ANA","ANA",FALSE,2991,"A"
"1294","JAX00716427","8RT","X",43.56,"AA","ANA","ANA",FALSE,2992,"A"
"1295","UNC31138883","8RT","X",43.563,"TT","ANA","ANA",FALSE,2993,"A"
"1296","JAX00239690","8RT","X",43.592,"TT","ANA","ANA",FALSE,2994,"A"
"1297","UNC31140023","8RT","X",43.6,"CC","ANA","BNA",TRUE,2995,"A"
"1298","JAX00716455","8RT","X",43.621,"CC","ANA","BNA",FALSE,2996,"A"
"1299","UNC31141010","8RT","X",43.627,"GG","ANA","BNA",FALSE,2997,"A"
"1300","UNCHS049051","8RT","X",43.627,"GG","ANA","BNA",FALSE,2998,"A"
"1301","UNCHS049052","8RT","X",43.627,"AA","ANA","BNA",FALSE,2999,"A"
"1302","JAX00716461","8RT","X",43.627,"TT","ANA","BNA",FALSE,3000,"A"
"1303","UNCHS049053","8RT","X",43.638,"AA","ANA","BNA",FALSE,3001,"A"
"1304","UNCHS049054","8RT","X",43.638,"AA","ANA","BNA",FALSE,3002,"A"
"1305","UNCHS049055","8RT","X",43.642,"GG","ANA","BNA",FALSE,3003,"A"
"1306","UNCHS049056","8RT","X",43.643,"GG","ANA","BNA",FALSE,3004,"A"
"1307","UNC31142405","8RT","X",43.659,"GG","ANA","BNA",FALSE,3005,"A"
"1308","JAX00182545","8RT","X",43.66,"GG","ANA","BNA",FALSE,3006,"A"
"1309","UNCHS049058","8RT","X",43.661,"AA","ANA","BNA",FALSE,3007,"A"
"1310","JAX00716489","8RT","X",43.665,"CC","ANA","BNA",FALSE,3008,"A"
"1311","JAX00716494","8RT","X",43.672,"TT","ANA","BNA",FALSE,3009,"A"
"1312","UNC31143042","8RT","X",43.673,"AA","ANA","BNA",FALSE,3010,"A"
"1313","UNCHS049059","8RT","X",43.684,"AG","ANA","BNA",FALSE,3011,"A"
"1314","UNCHS049060","8RT","X",43.685,"CC","ANA","BNA",FALSE,3012,"A"
"1315","UNC31143736","8RT","X",43.688,"TT","ANA","BNA",FALSE,3013,"A"
"1316","JAX00182567","8RT","X",43.7,"CC","ANA","BNA",FALSE,3014,"A"
"1317","B6_X-097862440-S","8RT","X",43.702,"GG","ANA","BNA",FALSE,3015,"A"
